order_id,inventory_level,order_size,lead_time,transport_time,supply_chain_delay
4174,596.429085289663,166.25474957524102,14.601462593468241,7.023777482456913,18.037799194906956
4507,248.35083502330085,91.86379739222633,4.0904368383389444,9.027037929309063,10.414006784902536
1860,470.12960492683214,180.37571506962325,11.276416676250289,3.7544631717050923,12.424489044485153
2294,799.842055361703,23.543251310481143,11.676349525718454,5.966894227790671,-16.330061157254157
2130,532.3330736797192,191.3854057063284,14.00960357210121,8.104684797222271,19.332816753370913
2095,986.757445598954,134.39168547195615,1.4276923993073196,4.7459625296081445,-1.1687445813939963
4772,439.06507294414666,82.214156698069,13.208676738258108,2.5130631555936627,10.381235404380323
4092,774.6204699784648,47.4592840488467,8.381166531757202,5.274558687373734,-2.666064826863
2638,453.6905040809732,101.04481359428398,9.85561753952159,1.4970026866872561,6.862627242475558
3169,846.247798635863,46.966081405207184,10.022583879694471,9.481451086020492,1.4857593651868264
1466,612.1733222491729,41.60300547119701,12.477169269786186,1.6733908467547574,-0.5640816579096679
2238,157.1606466310012,127.2968339084651,5.667702510227548,4.946110437255204,9.379213140043626
1330,133.13968087239223,109.38609767053909,11.262716658039908,5.768931349796736,15.814494423352839
2482,220.46690692056987,137.31824657607893,8.40009353611076,9.867734490585569,16.66231009723148
3135,112.30476834429756,186.62511671017793,12.107516200274869,2.494196412785747,13.99994597883687
4444,167.82315431721608,111.12944053441763,14.867644458781868,2.029883667511227,15.387368860574126
4171,722.5429574520208,120.37709011993157,3.8091142436526573,1.0783553235628922,-1.1148599186704446
3919,580.9116475265168,27.029004439439003,14.92508098183997,2.4001429318237206,-4.166934586961197
4735,774.9196745229747,146.3507993226396,2.2573701599588363,2.8654568116090084,-0.17211967791792393
1130,921.8491770318785,85.98198929278968,1.0324456706673941,6.675228474247831,-3.013747685565539
2685,626.6345790929248,195.57779534589,1.6182671064896377,2.9773611135226035,1.391611230329504
4380,753.5087596646632,166.40306296317544,5.784953666314664,1.1846873325639269,2.44142651624366
1769,781.3730818382103,109.27139769806249,9.860688629498078,8.439565109522398,11.149497930100637
3391,440.0654943482078,33.41230429271155,1.9664135724298948,4.290361309035701,-6.913986718601663
2515,316.9763490966686,173.28900072331194,1.0793214034139418,4.183270179226605,3.4334140366127976
4485,284.54079565587244,161.95840813056412,14.119274398423126,3.7223112625113393,16.08470993623305
3853,326.29819556061864,45.071174612036266,12.506972903159015,9.778359494317789,15.045711988882424
3433,347.25861732331794,66.10287495185892,12.328564395946435,2.531038755783533,9.606297337478805
2215,286.5048841072508,160.7473790480891,13.38193985702768,9.084142575579117,20.683752382786576
1955,890.3986007312731,45.19340484400784,10.800479818809462,7.991229989258992,-0.9102490021744174
3324,781.2992189550058,184.3729729425617,2.4616578164731404,1.6883195994938176,-0.08762425897271164
2184,142.20682101209792,90.66021078730876,6.587402633032123,9.880561913507638,14.899395272575477
1459,341.8052338227766,26.53740289165514,11.124092810504813,3.442293671851095,1.6862551741690215
4385,119.96626782727147,164.99224226581336,4.924682451081293,1.887246343201711,6.084826318555703
1021,548.3486679813036,80.96683977729364,10.623689097907326,8.463828107131835,12.315007996459645
3300,528.5896271101128,110.03484688921839,1.342978275747133,7.360079803099299,3.899219639899089
1747,848.2343410562511,31.33782543813164,5.285922772314305,6.554969252901107,-15.226536208784692
3904,376.9995157939445,10.490962820546653,8.687824707880416,2.4038277732903985,-24.843992534707734
4632,834.7471616917561,131.21718910072656,9.849257613087392,5.306465046303657,8.79415397001014
1474,971.1763888958408,107.88328236340901,9.078569302466752,8.025004241984924,8.101470831035936
2082,179.5674010290819,122.77232813339796,10.768587865028014,3.7326154432945624,13.038598470903729
3558,812.6360555226696,160.8113315722981,1.085242475357747,3.805208456635373,-0.16289977145107049
4753,630.9603074238725,132.85512355034342,2.413176799685301,1.028268154433099,-1.3077908341783129
3047,532.0413703166275,43.20695413720166,13.165219531908031,2.568190614808416,3.4196199029710765
4547,478.4822007985676,78.54677863101396,10.544481017262257,8.878650626096508,13.331447055677401
3747,806.2014375498786,182.11930990967446,2.5810429976041585,4.975718424739364,3.129985162595286
1975,675.4252212768181,156.289493047819,12.78904212358011,9.858110493109905,18.325523516068632
2806,824.5402007674257,115.76104100797627,4.391237049543937,4.5613716721641335,1.8298306818093755
1189,912.8359528089636,58.572549583761734,7.695638378733129,7.436678093022171,-0.45238932124696163
4005,655.5373408875628,67.39149534861106,3.032751180385244,3.537271386142562,-3.1572781484439894
3734,982.4164525831401,149.07203284127056,10.941540789903893,4.274286770268402,8.62561453457278
4005,647.2790645876967,171.72310956202645,10.33596189419975,2.716533888318052,9.283177452337558
1562,672.9798894600543,137.57068721081674,3.9555745963259064,4.123561316494555,3.187251579722938
2899,599.3340476880031,163.81069539600392,13.087610735998027,5.925137683785788,15.35404929614513
4638,181.90188194619725,155.66466568807715,6.61828433907597,9.925955928813245,15.375690673527869
2267,753.7573293852055,38.44375391182197,5.095211274990385,6.977815417646071,-7.533730002198563
3879,592.7016762092004,90.54951445352738,3.1326142525034966,2.7932135896748265,-0.6197807100728534
2528,505.819402674494,39.0669221574269,4.726352175217524,1.4046529743239602,-6.816505807073101
4202,919.4241505629457,54.694761112377115,1.308376897133438,2.137208331830595,-13.364510141484255
4556,368.16350638775543,175.15932868369998,9.165604894385618,6.062996811457427,13.126723894627066
4890,571.24204841351,99.8494734703046,12.79123044881527,7.886442959350897,14.956641252864934
1646,727.877684344117,111.71803935010557,8.685726292182984,9.463772865706723,11.634188930657107
3068,816.8245981064896,43.9047333932767,4.06983546693426,1.1424085479713875,-13.392232882602926
3888,513.4121271515552,69.33163934927124,1.471368494994218,5.704841274056828,-0.2289537604761369
3214,857.8822735168387,53.74677200129529,4.00479302562324,5.237806206008591,-6.718959789925108
2297,792.0259671838577,49.175371258501016,6.825699992995292,6.904495197781336,-2.3759560575871337
3435,159.61238006667926,131.2125507300343,11.634560001797151,6.036209690188078,16.454328283151735
1600,141.27513976416964,58.80793105268582,3.6297999355288377,7.183352355242325,8.410837888014811
3363,658.7251159798822,130.0829423438795,11.077080346965605,6.9227432627427135,12.935938183143199
3061,412.6720674028728,21.106376680625242,13.137068556926371,2.053105523721516,-4.361834947111399
1241,288.2177119706628,36.937134770149356,7.355255873516999,8.197461222568476,7.749791564254968
3041,621.6849410245645,62.16264826002382,12.500047882996306,2.109093181446924,4.60820065366662
3824,407.4068894108905,123.43891421018142,8.765202872491338,7.286775626882234,12.751504803394747
4417,583.537075042663,138.40983656660143,9.91927171913267,4.745308308765461,10.448571328531806
3612,514.1072430852148,94.11622368811015,8.367898444734838,5.624656611189382,8.530082987464436
3945,626.2894953542383,94.7002737696735,7.484418034518784,9.129682129381395,10.000713840672894
2363,460.2704400192532,147.65820176573743,4.285148184861891,9.008953538261379,10.17696745956586
3139,727.9008163272385,13.006007435460663,5.244716832454644,8.360706750895265,-42.361084196941604
2390,262.06054511436867,74.8071046501019,5.059581665210526,5.5913354241069095,7.147766601939072
4003,726.851319604371,165.55434085265424,8.886045033353406,7.626158291204498,12.121794013265493
2478,470.4950929217753,124.61168794054072,2.6793517023344586,5.616073499669285,4.5197352912284785
4499,886.8858443689754,74.07315522352987,13.835083669832692,8.826454742272997,10.688430992924902
3556,563.7124493777898,182.04971054263802,11.089172033963585,4.624982499096099,12.617679137973779
1775,975.7993143430939,156.7983182153827,6.620238832784711,9.732118099733892,10.129080270821838
1034,641.7418559868642,60.33013497497935,3.2207380233692913,9.390904824059898,1.9744736076618157
3253,301.46415931568856,132.6050691298862,13.347890376102901,7.674423575066069,18.748915495937933
4152,839.6115731600042,123.19263835590178,12.532893261416312,3.514742957584648,9.232199969195364
2955,410.57436504014805,86.2257036674067,11.10410173804051,2.1848822991393257,8.527360210671766
2585,412.85729303441514,79.72165504891213,4.801658663757393,8.692331050838778,8.315255118819
4943,128.6242133366486,75.27649020738374,6.634252924071365,2.4877205752416516,7.413283136859958
4459,593.8437782866678,127.25959884517289,2.438475534333927,8.68834710097602,6.460425886651699
4073,580.9811533592707,94.0578879313272,3.646553346185444,5.416885060411244,2.886591720612712
2021,420.3923358447875,168.05399151777019,11.96223292243426,4.659011054272938,14.119712581659465
4461,904.7955366063331,137.22449706545274,11.010542063909574,9.128717009509861,13.54571669610784
3613,215.87355846967952,23.287005084792483,9.308800681663087,6.434658842862501,6.473329781192676
2129,397.0895619791399,131.63196252735156,13.54017416296642,6.18952606416746,16.713035016382886
4843,389.4244882120261,61.51801293503511,9.165731249382635,6.028893501619579,8.864373339545374
4893,183.06152760587148,122.63427841415032,7.5375519994905495,4.3405256441757825,10.385334097790428
2500,533.0308546506639,139.22506690965577,5.765190448280678,8.070787931762144,10.007423174559948
1702,719.0062453864747,53.857545939262295,14.166279080306415,3.275185996141957,4.0913164046664825
3449,560.4913121925351,96.80314252727004,2.158016461340949,9.450054640371475,5.818059563247737
3777,241.27991444457436,46.16172393562288,14.032423208851318,9.045866845422648,17.851450719134245
2579,439.5573687178653,19.94438639943658,12.574005239034257,4.037322931074083,-5.427824096330028
1161,102.3355219452819,81.91052046231512,2.819018943499818,7.565173928484974,9.1348353856975
1201,881.4709963320281,78.95941165073847,8.90978100745355,6.159008750046323,3.9051934501838694
2981,176.06530691261372,199.14129323380882,13.131671744487216,4.038843717993111,16.286392917861225
1995,637.5502740298875,94.80694672755202,9.005328290500152,9.896694831959021,12.177302033591875
3317,987.6312962801336,73.37821439971808,13.700797501848712,1.2271361126343778,1.4684715062864626
4934,582.9315813885993,120.29025127616818,14.201773435424595,3.27381427559158,12.629545947828927
1815,931.6375831966898,26.865804880476006,6.913383310580283,5.680666550000353,-22.08339931101415
4342,312.5048798056639,192.71648983141452,6.282391259688531,5.697577031307075,10.358389981433001
1455,783.9598680438271,130.6424086622963,14.108496155568195,6.300397674510077,14.408086924639766
4533,578.1391785761807,153.41918578876107,10.451960856095353,7.765085548206273,14.448683434547599
4798,748.4644552523183,42.390808253044334,2.62431753887437,6.611300474673667,-8.420673199030261
2275,156.1072262601173,87.80079207098873,1.5920844891175367,6.402533144752333,6.216647041828953
2016,232.96518271560402,90.310931545276,8.904806713961683,1.4816301662173896,7.806846804764886
4773,219.80523572873042,166.1432243412065,14.022393516137944,4.3887725901036845,17.088179649223566
3343,718.448954862998,10.234969154287795,12.819481833681458,3.0885016573104043,-54.28753386061775
4796,859.9966053702659,67.16209058711846,10.46186845050071,3.388331004417779,1.0454073787288376
3767,774.6546088077287,196.43491112541773,2.9476218844752253,5.989037269063104,4.993090241222457
4820,127.42493746023474,100.22844326618154,4.559239372481738,2.795547834366476,6.083442134453682
1337,880.493482967251,82.67999324636156,13.257157171736626,3.6455419091520778,6.253285015945025
1878,418.7320037138129,32.76751038335281,3.5593013131966065,3.133762376656061,-6.085813887814794
2076,457.4474492536742,195.09127943932296,4.898151715506084,9.536526488963753,12.089891443276091
1791,194.3822498792328,13.805007625906649,2.8144091167361873,9.501991589539857,-1.7641601414016232
4993,763.6646854844372,150.06424275137618,10.465515239801755,6.489474027364466,11.866070871398458
3264,264.05549062836224,156.0339629098166,14.215752275084935,9.3207022185871,21.844159523371374
1763,607.5685828169528,56.29477605213466,4.765552442335403,8.072313809215359,2.045238135324084
3235,856.638987290138,137.5961042864771,7.655692509901032,6.309530945216279,7.739473156935881
1379,180.28389584085056,27.656537432084086,9.88075635595686,1.0579169034711615,4.420001271527435
1492,581.8020076139712,58.83898062209518,14.992527475018829,7.952646574714636,13.05713721662264
4112,309.8947703948211,159.70137777553035,2.46731290996601,7.322395074296219,7.849244008864369
2180,408.63417785043424,174.29037648637265,7.979991193079928,6.537282879541726,12.172714458440176
3062,526.5729472875005,125.61241840536034,6.391681678635001,7.843818805142245,10.04345519102433
4884,419.5938729513743,106.2993020458917,13.121482313112972,5.616299482972892,14.790494609099191
1064,683.9405562624185,40.26776391760626,7.663548234163183,7.336749441892052,-1.9845182094719807
4928,531.6238915788251,21.99071628503853,2.5536853441920733,9.41654878053844,-12.204689724408386
4910,625.7795362427523,32.35331540997614,9.88193803401217,4.382245142614776,-5.077869664418003
3568,763.1402278554216,53.19788701825877,11.790928655694318,7.373096514105629,4.8187142819164865
2367,601.9680393553937,74.91815536041496,1.0403375233186043,5.281190362098629,-1.7134809380042233
2152,627.8818911946831,82.37280984708757,13.025393595888813,7.069596866325834,12.472549363504415
3027,608.0126882703771,75.80113603191067,3.6043220000793186,7.866040019989277,3.4492066641064287
3695,440.89536335616043,55.42051311748047,8.72897110514729,1.4090725039221637,2.182589237480544
2495,403.7021504847263,106.84760688282265,6.821165009624302,6.819403995537957,9.862270526961833
4134,909.6826574305111,166.8043605642504,11.075153432547426,3.040670659662501,8.662233704324859
2162,646.7997000642156,63.14367230958105,6.196262607000386,7.030292840268101,2.9832535231567014
2522,319.9178399181891,189.0535336294243,13.17668447354395,5.214971673404321,16.699448475520768
3640,548.4229280640461,175.93396572753107,11.226949053423063,7.961974676783985,16.071714805846252
1391,397.3136331528226,40.73520015690083,10.0679843948809,2.110607336850368,2.4250215609089985
2698,940.3226413838871,159.39243178384797,12.14736833787996,6.636901164905756,12.884851124759722
1418,106.78092682066726,119.17160264037565,11.556322488997353,3.506236560347971,14.166532441874917
3336,302.79951794127544,117.64931881256953,1.5031414489017467,8.676837957975323,7.606232945805978
1378,428.8211377066519,84.29812498105314,6.526280953827594,9.355451550726768,10.794773123156094
2796,539.0288207278641,105.21906984458185,14.031302162430858,9.967584643111499,18.875967343090743
4561,865.7357660525316,85.4639677115501,2.760139765891167,8.16406662184555,0.7943728539780093
3278,179.0988620861295,112.54919756438913,11.319351706048717,7.783606633852041,17.511664346146006
4065,825.2783980670291,129.3105100268008,14.644285358694615,2.9395068298079594,11.201647396899924
3088,150.0881404212778,138.1177232177192,1.7307808066296029,4.024063530910979,4.668176117672164
4099,858.0826317683634,111.17142658629098,10.550714328772546,5.191142875860516,8.02330345285295
3182,146.47193008706154,147.070192792459,7.554157978214425,7.960429430040247,14.518655280160177
1200,116.41823328552493,36.8428293623461,9.10845357524611,9.234692785701718,15.183284990352169
2863,727.2653161297794,50.276673271425324,2.1947787107805476,2.7022519002068615,-9.568232677288263
1779,997.5299812915549,165.55965077411133,1.6020973261371527,9.301307362030926,4.878204848549069
3977,906.9492366766187,71.28031579081889,10.336133247712905,7.2606218711865225,4.873056765230848
4104,618.3985760250939,14.349826745462847,12.52633201749005,6.496936576165347,-24.07122913055024
4119,925.6560517769785,39.22031843692591,11.948214689061542,2.7985714415374554,-8.854655384100024
1502,104.77000575784487,52.486742554299134,8.613280190127323,1.499725295282355,8.116882261541154
3454,977.5604466506283,191.89134869997156,2.3981354959064944,6.116184086571459,3.4199760736464198
4645,541.6739013329061,118.87787149686137,10.632622213704193,6.863641149960031,12.939705490341204
2751,750.6064869595981,187.2188406904884,4.386444369758044,2.8970330441921943,3.2742308862436253
1804,838.7753258380174,119.28103659435874,13.75496183874337,6.008105852429107,12.731142501836167
3146,746.6115437528982,101.07734362619183,12.735715033639869,8.708440624863162,14.057618607093703
3731,581.5330588404195,69.60826132687825,10.931361539223472,8.51559350909518,11.092586647855978
2895,528.9575357137708,125.21047944234137,14.283843381635826,9.346196625276674,19.405493163312624
3773,854.7243028323622,36.447624677330666,1.439905501157821,4.292972286011924,-17.71787683399423
2570,284.5698041345132,180.66970918561412,11.306805950850668,3.8624461529582685,13.594169012032022
1960,971.1946598538108,167.5731569768439,5.623398910709675,7.744834053827278,7.572587185851675
4810,739.8572309530734,70.33097509658003,13.684922399609114,4.880011645873045,8.045284205037246
3660,279.5562346044878,191.03153024424591,4.733452753267686,1.7879379762500256,5.0579871005615
2485,762.6224653286394,166.78814580895795,11.14799099041024,3.5452101760344976,10.120799083372475
3690,576.856020863005,136.59830830865755,13.28705827511094,4.767240569783402,13.831288853002338
4840,736.50708608,33.13476311380221,1.583195457357554,3.632647829286268,-17.01178162651603
2028,791.0015512985549,100.86446437913374,6.567066114288505,3.9898501385258944,2.714693958099149
4289,178.5611616307079,106.16043542088266,11.67232644830714,3.643983155569517,13.63431611051177
1502,555.4935607234123,54.18475808942222,7.3688644531062195,1.3734925046477149,-1.509484709725136
3814,938.8129080312407,25.19342492826737,4.741536817110335,6.7338523074199825,-25.788814162807554
1397,388.5779729435628,157.5774897896216,4.077274883524661,6.375631783181223,7.986958177093915
1870,634.4947878021089,33.186659903635054,2.841255736829291,6.880451486308125,-9.397263762328054
3842,432.3074333589065,122.9152426067372,12.99981383798795,2.7307890643026473,12.21348473052684
1392,508.8411749971897,187.92534303789552,9.054975645521784,3.6608908745123676,10.008189275594688
1206,593.7428061443379,176.4599865936281,2.0693892298803838,6.5765433425043005,5.281187863933154
2038,594.0297819000796,62.772998512359614,6.356124529988896,6.396648116139293,3.289630913570699
2881,281.55741609721224,171.7752411347404,6.148271111271539,5.55697278418841,10.066140295678892
4625,716.1143930918499,10.063176162892987,3.5443486699324818,4.153719250091777,-63.463798025685236
3939,179.08130011839114,13.360683826518873,7.097106756610669,9.216379042972209,2.909882926880906
2484,224.94229609781834,124.48510113014434,5.64939111550391,4.057932180689594,7.90034162484755
4762,102.4398094728967,79.3116616374606,5.785251876890555,5.100572407935264,9.594213349461024
4646,205.0264577275132,83.42755982023796,11.346371809031421,7.103024478587878,15.99185757775789
1863,525.849580946703,117.24380722898768,4.125687397072748,5.887192877800877,5.527785553242217
3790,645.4916929502548,46.43866656245351,9.986039423974976,4.121973787279471,0.2081375099967726
4312,814.8605049698162,50.23351662644089,8.989094734333088,4.920803114108589,-2.3115526828736392
1563,196.02932510209246,102.07430153358429,8.953295172730142,8.150327360681555,15.183165355092475
2020,865.6547140148092,153.308173425334,10.282102845984863,3.503162399379512,8.138764509795891
1095,771.3770729938464,127.70457276744166,8.677348506739156,2.2802971579913387,4.9173210602343485
2923,467.6664636423252,66.49745916499938,13.309571607849385,3.818468816467994,10.09519331234112
2757,939.6442603899592,91.76406372669503,10.458121287303637,8.645807939391112,8.864144476222677
3532,991.8365288116515,42.426304124499694,8.657485519199433,1.80090743370712,-12.91947484111845
4478,284.5016290479135,24.179664724045523,12.616683684027029,9.925264660352067,10.775795575313184
3278,441.30572646742036,158.71224774138835,9.486051909068717,5.869026090348963,12.574538168701526
3796,933.8044812307401,60.423607745756975,5.076019468992506,9.863611695703845,-0.5146675120706448
2678,749.4368956761494,43.775613691737156,3.899328854471997,9.450967798773798,-3.769666551692872
4242,143.28517956767894,141.40743055817066,3.132588999277503,5.075323427898251,7.194633429020592
1540,803.3630335762734,127.42981811456534,13.592372975645423,2.786419671448142,10.074435900276171
2059,845.1467984597427,130.30602894255816,10.941896045172921,2.483962989086246,6.939997978418822
3572,775.4517322887822,53.48997492085659,14.12329813430049,3.1599042748296178,2.7860609646606473
2183,819.5834178275641,54.20265232690939,9.446085280009202,7.3911937650808355,1.7165537181363462
4910,842.6194090235175,51.95249965927144,7.627612340928776,3.4565499525833907,-5.134872681701845
2722,267.7644881093297,43.01299317583596,1.8360308455924506,4.072827426438685,-0.31634179750868263
4314,312.1225714584998,134.5874977867147,10.402991941644418,5.039009235951533,13.122895936831828
4157,670.3827073481596,171.12301819738627,9.150922636755237,9.219094123793107,14.452468353501848
2819,917.0795174162644,147.62031923856563,14.8629245102267,2.704540760963615,11.355044635964656
3625,384.57692406684515,160.4977904145032,4.348222888951403,1.0452389734882281,2.9973109679405048
3729,629.476008215551,86.91170152618797,8.430322974015702,1.5408676934035315,2.728483446621361
3604,714.6838570754192,134.27440112067964,10.113402691653016,9.142897075121061,13.933737527728272
2597,506.7537411691353,77.30488568450716,10.024276446392811,6.827648183590268,10.296663126366436
4060,742.4042093697934,109.8458781740416,8.858109601277638,3.457365573950261,5.556876475752657
3693,909.7007007629558,101.51062084162385,11.876992144581157,2.59473250910072,5.510093907848253
1795,661.6913897636539,43.608557577332334,3.86973693337543,3.648400629734029,-7.655292298455146
2051,585.8029557231698,83.54496446376986,11.158780803841822,2.033172345261521,6.180124734510991
2643,494.87020784950516,193.1262323416467,9.676284000063248,9.47379619255997,16.587661810359833
4627,619.7376438155131,57.230248965838996,13.545051565124027,8.057855569287401,10.774059540450454
2363,419.82620663655626,35.422709893102855,12.860722146470144,5.161520592212867,6.170348631668334
4869,452.33389918135174,89.5303181085477,5.412058547855746,8.784663446036816,9.144423412389298
2981,578.6717317193566,160.16416981342815,4.867322549652143,3.2451238386390906,4.499455215587383
2354,159.95720115173526,120.60816365819473,14.74314653393427,7.4540851162497415,20.8709764755753
2663,306.1228518323167,139.38521717526646,8.38171253281359,8.705192491123691,14.890668880420069
2529,588.564379552068,46.042021153188664,13.689893494802115,4.210918404609453,5.117611579125311
3038,488.37532882279834,127.60015667146709,3.2943343329267507,7.817180009056459,7.284126182263146
4419,399.53420732123584,71.46507503318001,9.99946480720244,3.655651143378784,8.064494137958219
2496,757.4942231283713,168.51763953140582,12.338042623048207,3.689714217331277,11.532712729657762
4302,724.3458466630046,129.5667731420399,14.263533494210256,1.9635146069876745,10.636526479817983
3237,250.05768399404485,47.782692777306224,5.722761974238328,4.960522418584588,5.450057266853855
4296,890.7662038360944,22.277169170376368,11.149736378936735,7.5674071584768,-21.26846670882069
2408,545.881263763569,18.10030976453622,8.543382126554667,9.461987250141565,-12.15330032922833
2400,767.3148200251409,80.56762785352674,1.8488049649305547,6.434172927361865,-1.2408822543676212
2306,615.8357643316498,60.51171596431956,10.659996322325208,8.76821983962165,9.25108344446163
3680,997.923354331459,132.75712345787653,10.661351815329809,8.402451843612043,11.546893617966932
3675,777.1628080349404,104.87342864593747,14.028495267851518,2.560087476777528,9.178099287864082
1972,736.2824151191131,60.54366282102234,7.962374246365614,5.372356860213683,1.1735505500660128
2768,800.7147451456759,38.35517781053346,4.223512889947205,2.0523118197285233,-14.60048954184564
2282,228.81518699362266,34.16795491061542,1.6238935282815081,7.1393784540547145,2.0664946190959794
4430,284.09013385251694,174.28547450667935,6.818990613602679,9.549097014214684,14.738060027085615
1709,742.6576740012528,56.260813996924774,5.226833801085025,2.2338051227088087,-5.739626433935376
2479,544.5833384177763,133.825023103084,11.655236284334258,7.604948177222871,15.190815925014533
2434,779.1717626741049,164.0303263173906,5.9597487077746525,6.690143357810749,7.8997231171529885
1648,192.6244276697305,126.67544912509986,14.286996748407816,6.252445333072898,19.018828347721602
1317,582.8332163361353,173.3173940129197,14.47234284182898,4.511082112195053,15.620616393143587
4748,440.93940900122413,84.55480709041015,9.692720263047914,4.196184829784313,8.674069601223216
4296,511.3001973535105,191.68221622330017,14.00124401820836,1.4072427011699906,12.741049919931754
4890,643.5620848652612,35.29755079383842,11.65196082320294,2.9611783742681212,-3.619346354404744
2257,552.0595127162771,29.40841063493224,8.656034973651767,1.1365919405814422,-8.979537265918825
1683,585.8745734015531,135.15150777941426,3.5243110959188937,6.232753950238185,5.422118414575428
1663,537.721733796047,189.13791686851974,7.4203712091937595,1.9526791229011797,6.53003639444093
2998,468.0596593769439,163.68785771090234,8.852242487076646,8.857174546267444,14.849952281819217
4898,794.6937825384206,24.519203293229772,13.095462130290143,5.708287186274487,-13.607327545702379
4445,110.98276508624006,63.07986564759611,7.738667271499308,7.297209181528376,13.27647566884942
4743,638.5984310847043,186.7605881191865,13.567445417491394,4.697713826564469,14.845816664789808
2631,608.9575125906765,58.081102232149064,10.440885706328565,6.045218281009438,6.001497304829039
2495,744.5611672596569,158.42238051951466,2.917986882751399,9.483932592699674,7.7020711029041085
4304,639.1264282995938,166.77511722645372,14.9297391705513,1.744606356613037,12.84208062501012
4763,844.1189450281705,104.13589965758653,8.381257250554777,3.2854399473132654,3.560761129674921
2136,963.167315107625,83.40629287117994,6.486016149727105,8.019894942194899,2.958013661745772
2853,408.27183146068904,95.52364215975433,10.227592702573371,1.8886348619439928,7.842187942180805
2520,304.6158847269883,53.12329192941919,2.524506395734547,1.6809499351369976,-1.5286740978621998
3489,481.2371761784346,178.98427406448042,9.91154105454696,4.253872588786347,11.476701583607516
1563,359.1366548281535,95.617734778654,7.975304006989822,1.829511626251891,6.0488528334585885
2291,653.455236837389,177.66729368665895,6.693436979980164,6.265705979855828,9.281171492617899
4581,920.6671679586682,30.08176118219208,14.342280296504589,3.0364772573493983,-13.2267366651377
4878,225.2045747287557,197.77230149002494,8.315556034248745,9.06128166879435,16.238131357250207
4457,190.71514271429783,94.22188661428747,4.067644712579138,8.05150072760731,10.095038838553421
4458,330.41397866829595,19.087855874880038,7.425488711282181,7.297346854895285,-2.587331737795459
4184,753.4860274561607,17.22415116511643,13.871423664017417,6.552496246460517,-23.32198200555807
2636,633.6666147329394,151.77937892154932,3.4653365986283253,8.771191573073171,8.061609159412848
4696,191.99139780267961,135.21675149869935,3.995398541635317,3.0075585538848117,5.583078303323836
3999,926.8754700346718,162.4048060442416,1.1824139485991725,8.857979584878048,4.333201162691246
4152,811.076173411678,30.01983145103313,1.1986606915407405,8.105430685816472,-17.71392085681091
1698,120.72034430887376,16.758464736754185,12.611482777419175,7.73344743748917,13.141385844634774
3160,686.2304898894215,106.6300649950399,11.249716495801382,6.051301102674317,10.865398433080435
1001,794.1220016677642,83.64309398172621,5.970574790327416,3.216197448735401,-0.3074007268637988
1641,436.9918327483798,97.76991796748159,10.776356201186019,4.8119312439270665,11.118693506272676
3267,162.02938543049692,198.40179768535205,6.532882968339583,8.142135890849215,13.858345888879015
2589,169.58895893990854,194.44249195742734,14.340555143969585,1.28600635921592,14.754380956471262
1854,193.82226944662855,189.03992403790664,14.538737539964488,8.038456923373825,21.551896392398746
2759,856.3956687823807,158.93010858585802,6.499112861330808,3.1606366643880985,4.271244626285491
4296,919.6175784301417,77.41985844880918,12.959106688772152,2.2987828064944273,3.3795730418956076
3432,210.5297036611604,88.3048767499266,11.823246583764526,2.0413118636227194,11.480435266315762
4474,312.3154311355731,114.42704830659565,5.33999912040505,1.245250107557336,3.855864560984386
2661,248.9684593305608,167.80154671691957,4.248557604615484,5.712278366993076,8.477128197742987
2153,267.6887915447086,23.055438178470876,7.415285105499674,2.9643388542435654,-1.2310333382245737
2076,853.7417101022429,90.61640831812875,11.938883768601688,9.904885892016685,12.422278277898856
2707,398.93177138944503,25.69735605726105,14.442348986202436,6.169930802849852,5.088045681056466
3777,380.2998376410771,107.7849414489672,11.690106964132015,2.2409674242040936,10.402753710803086
2695,304.65605878940136,180.79115656118472,12.97289779025718,7.198862867302288,18.486633660286802
2733,647.1049544148328,158.6721356671482,9.442900286387232,9.079692098587527,14.444340386323361
2439,441.37512854699395,53.2900593331909,12.695709631789763,7.706615458326529,12.119821109639577
3294,769.82468665896,195.43826142377057,11.981892012047847,1.687958749355029,9.730884660032675
1835,285.02182753807375,136.7965756288214,6.277797586967921,9.062957630733935,13.257210171139864
4510,809.0108998430431,11.981262885506583,8.727864229690095,8.145364472739683,-50.649778477529715
1202,643.3493785571251,58.528562090191706,12.266543707855728,2.424735100950529,3.699220306399644
4255,202.84057005011897,59.53552698478414,1.6447942786593892,1.4660729985953518,-0.2961836102256066
1122,473.0541257832649,23.158318194313388,12.31310995298162,6.015795177828776,-2.0980585983357507
1400,877.1663265516613,192.36703843442652,3.4904337366863283,2.404322302059792,1.3348983121290567
1766,930.6642086186364,100.86850596942551,8.205570639700145,8.51131857335745,7.490379910929811
1293,519.1301100869318,180.20477350065758,12.315856153783127,4.225011910045064,13.66008915879526
3327,532.7532802801662,71.22094565447938,4.553495094193728,9.216032002629179,6.289237760807061
4908,926.609252445371,33.794378382237156,4.441304150286142,6.091193549269052,-16.88653756023852
3931,628.3614017229105,100.12386088218064,6.638701578471526,2.6440514581570134,3.006912331061601
4681,129.56200321909452,31.651760595720262,13.524999166086884,2.256389806238201,11.688030474074186
1197,921.474516591216,102.34294556573259,1.0061989401209104,6.188251938019786,-1.8093403602048284
4029,323.4037984814367,184.85646443168747,13.61936335298709,7.856952506761996,19.726829849207384
2930,619.8687586823925,108.94594694850042,3.1532983449825087,8.033550829679639,5.497158313785889
4582,248.96198568517644,127.13494811006586,14.86120926494475,3.4818166399715316,16.38477611297363
3799,130.4912442219355,39.76130302502358,14.367857902538553,2.838220830209507,13.924213343683435
3191,380.32585401948165,18.3097689171942,7.925452654277967,1.1508067404314417,-11.695485772556362
1608,802.4461367914789,31.053512814163337,8.178083469376794,7.112792360810524,-10.549876602351898
4272,349.8284553664763,123.72099938002947,7.74169076386196,1.6891143259018508,6.60324584663225
2147,298.08749267298737,28.052222808537884,9.896211039233316,4.786850815893333,4.056898833839707
1186,291.41270590710366,81.43864908884917,2.2701038312890347,6.415139476164665,5.106933633024132
4397,563.6563141661313,114.51746868704964,1.456651276781931,9.433980504277093,5.968620138394475
3511,977.9871841144807,83.84403173967094,1.807840997822584,3.8062192326019177,-6.050302322548299
4420,513.0900892153118,41.09992227840728,7.221114889381202,3.247949462018678,-2.014903032764119
2794,601.5748320010431,62.02034842768024,4.857671149072767,6.887441388574886,2.045476091675111
1659,874.5688161016606,186.38033124122964,9.708553873193914,6.573151288482235,11.589317234917305
3811,581.5627470402928,138.43663236140753,14.894192051246906,3.988988049773121,14.68224905321727
4002,266.0165842769705,104.24908934917845,6.4085244230705225,9.352916519588078,13.209700817754891
2955,369.6363205898293,12.415829097509768,9.033777557463187,8.603760947406695,-12.133837831485053
3450,378.9432336417498,198.55892609299934,6.818454542702697,3.0158429127857302,7.925830074554549
2369,457.5863039118381,137.57643762998222,12.861803348106031,3.1522829089107085,12.688034850288675
2986,484.1100148030745,70.21527069553954,13.631309648471333,5.610703121983725,12.347358516365176
2534,819.8038198668424,177.06104539958926,13.28297857087364,7.962148915576483,16.615064346267488
1146,414.4482991443997,59.102007855445436,14.641211341509607,1.3963634144961796,9.025151419085024
4219,521.4086455972414,113.3631500447228,1.385268591965814,7.24001638361236,4.0258305197736135
3911,662.4783883459471,130.85344510866676,12.757426270037435,6.834123076438873,14.528798512550654
2734,439.95335269615236,52.00204057620841,11.524810422547306,3.083320863216894,6.147821885955059
2843,852.9083319630996,195.89548297211323,4.201721731605107,7.132177119172139,6.980004013475072
1488,628.7082438106669,152.15646213600954,14.388481307425385,9.461648721268743,19.718144866942158
3976,364.6402112988744,115.98451284710329,3.0744909952192367,1.4210726047459166,1.351693764691872
2959,742.6532798108454,44.31297365330717,10.513698979874718,3.876868497628563,-2.3687068068443633
2663,574.8829571303072,20.233059329624965,4.1484630354227745,4.943590449997197,-19.320998034108346
3598,581.0103021315222,70.81136817898687,7.039329082837045,9.093343230322207,7.927629576759536
3385,532.9791535488273,153.10559382354654,11.068238557223966,9.660353019482411,17.247470213086686
3919,547.3107539391241,61.172946677384765,8.886544988462653,4.997037218466991,4.936641056202614
1640,788.8206529596166,112.51568189414597,6.985025638593564,7.75025570927972,7.7245194729043005
2802,192.68333139818395,148.3099635788412,5.568738033047821,5.784949213880347,10.05449380942352
3520,400.92653017943394,30.50930578282823,12.755235179923064,5.840046412672389,5.454158912410106
2969,167.95302742350032,140.20662306201595,3.013400904407392,3.502895635597208,5.3184000087600545
3198,777.9215986727057,27.455468664908494,7.021440271417201,2.9526062127749158,-18.35989340105145
2438,345.0716692482695,193.37465100412933,13.65260600485199,3.59204811331637,15.460182019801646
4369,907.6873688369958,102.79488471233853,12.841893706439548,6.006952065313714,10.01876272455621
2634,573.9206199933644,38.6284604648767,6.613184674622653,1.262396674198801,-6.9818738302480625
1262,820.674794337509,75.05289084637383,11.683517090418317,9.165240499207652,9.914138215438868
2787,981.0382920543651,88.54912536609967,12.524251629924029,2.406553385947986,3.8517764201819222
3191,855.8099735109136,154.0551521045421,13.444423936050816,2.980798091842479,10.870003901010012
3393,880.2943840103711,151.25051935455576,8.623080766689192,5.664485588028817,8.467458180763128
1623,467.18604582836025,126.2686960140929,3.862452404765965,7.3910328970355135,7.5535496837428475
2016,596.5503357334057,30.12683538611366,4.574327071055043,1.8615614926995758,-13.365405800152358
4643,328.49970763897386,38.79818060165798,5.139725436582459,3.8592522779244596,0.5320933775404608
1880,276.50178972410754,27.81381492265576,9.313234731334617,9.718071450169214,9.090138797849354
3049,554.9570911954304,119.66282882463452,1.4593347378005181,3.3610867010285115,0.18274826457440607
3944,635.5440817303785,176.65630388716676,9.904594562919556,3.817451305568322,10.124415510862425
2327,405.3441213065719,92.42209732840664,6.100959337995248,8.528486415562302,10.243653469854568
3301,612.4991659871503,40.56115305197178,5.13338523485499,1.4519298852140974,-8.51531984468015
4723,898.7144342621526,116.02804177830373,13.312951990193769,5.181518519280738,10.74880471620586
1452,601.0494263050296,164.23292120448488,7.440033538131185,4.416550880065032,8.19684663908999
4108,748.7317866794559,150.9252916874567,2.330742637457699,3.8492808391778603,1.2190803616143517
2183,824.7834706221146,177.47564813825406,12.574454752367458,3.571296346402881,11.498446078198697
4062,989.8559037598985,62.801398477284884,1.6669776041110924,1.822366943743683,-12.272341143235797
3056,642.8776619592817,46.85123478087722,11.174489138354753,3.833432464164839,1.2862413743246588
4304,826.1651340663274,177.16513232896835,11.834687104789312,1.3874716244410172,8.558909684648205
4170,966.3843866993872,134.9364594278244,5.936436483004014,8.028674772799917,6.803337552853821
2682,949.968753019546,69.07649670143529,12.547029987889013,4.584050145622105,3.378663633213886
3863,226.9736638999422,151.04612960877674,8.219231681990347,4.995134490879204,11.711688385045232
3255,465.7530774461698,164.87249305126988,7.486111145819155,9.042351278051184,13.703533481349064
2154,391.5910549961197,126.84586566481515,1.6356459405616957,6.922494854750987,5.470999933892079
1403,178.2325134553144,140.69798087718388,5.0604087110846825,1.072531930079078,4.86616685845472
3199,669.9166974198645,81.2993818441066,14.034139592394197,9.488573406651565,15.282592567325324
3101,762.3141518764021,112.35217679517743,6.485535485969,3.134300193799401,2.8347944494045976
4191,863.3152859201952,109.59024243797083,8.653807287794756,1.9685276628387296,2.7446693235240263
2696,210.49920069643764,171.12908031484665,8.448303505779524,7.91315360542794,15.131396151906117
4991,888.7996682877645,169.5931562536147,9.266035257517707,5.504295842800463,9.529555541199342
1627,678.633007252828,168.2092891759382,1.8586333790059566,4.903935094162158,2.728112287201993
1586,733.5515216246586,12.096006709868501,6.070467567182196,3.245527717144676,-51.3281114212516
2648,919.5616031862735,152.41364204908876,11.123795834355759,5.927243408760868,11.017710527763805
2443,662.285143938926,154.14851412109093,3.807843515021761,3.469461446823287,2.980895439410925
2445,402.2792714348516,138.89197634247694,3.850097285649046,9.114247047583609,10.067997963713657
1103,842.5965982803938,153.690284999376,1.1412684936463462,2.936840317598735,-1.4043235902812405
4923,426.7532909755815,169.97437058437467,7.124746972514936,8.959196354101781,13.573251335180618
1253,130.8052997384762,99.36062027933927,13.358281329427909,6.034648831546213,18.076459919839007
4298,847.5890559087247,105.38954056280495,1.7266132102223262,8.456393205057168,2.1405664218759757
4183,410.672930393148,33.69567081316419,3.6756619329440365,7.415613962748595,-1.0964301354544528
3557,796.4510708812062,83.22141777899874,5.341183536798571,7.270256002930737,3.0411739502118724
2496,426.4821051993509,132.23938418323903,11.24414631189898,3.9191122692555016,11.938182270995693
1098,874.9612179772495,158.27595746798215,9.968898299236212,3.1050723832498313,7.5458966024145555
3200,297.55947257286283,51.269728561330005,6.82321466414597,2.8979760491270934,3.9173863842348187
2884,977.0925386789829,36.186350840254725,11.62696514961726,8.714724913536298,-6.65999747899113
3961,801.7828973092277,135.9779808550935,9.534834163196628,8.38384138233118,12.022258403081365
2919,202.81413332835714,10.357177869733022,13.544571195201067,4.965161752110766,-1.07225510766256
1877,609.1989579699044,43.89079101839267,12.452374487941702,2.1916415214680915,0.7641349720729078
1337,986.8305810175613,15.52356226535121,4.539390485248807,4.440270267797125,-54.59019287650273
4777,523.9589074244329,41.708172392425475,4.800140086878803,6.574091087232203,-1.1882686279562709
3869,263.89642493942495,44.450663185846,2.754990661093399,5.089628390319575,1.9077801827534175
4234,536.3005304353115,83.6579830025749,5.717506160044391,8.021703416346956,7.328577725288686
4791,561.2118902937294,86.44215369044564,14.99361486206732,9.978605400262468,18.479879820379885
1956,767.518249805799,176.10986941594518,6.680516360610854,2.7201887960400715,5.042526638029487
2704,728.961267844814,106.92084537477679,4.086838085647489,5.136857376936152,2.4059298034207943
1160,462.2950392372825,147.44690546633439,11.674760382657743,4.878855117287398,13.418283240680905
2603,296.22079674467784,29.786098004854615,8.594594048477186,3.7404327947405576,2.3900922399542015
3848,680.5487509923965,52.833363538101835,3.0944202933773353,2.782859650482606,-7.003761606742932
1397,479.5335410979536,143.55925378594858,6.329655536252121,1.591229048406933,4.5805667127582055
2300,219.04859001279735,20.03275248902034,6.802576017550806,8.984073855013285,4.852127013917746
1815,910.5150711127471,102.45355582631309,11.553615807969061,4.7786382791768585,7.445153353850531
4987,722.0996718486889,123.88010347595743,1.2893991644866625,5.4720596665004395,0.932438257164014
2527,714.8654708009333,124.4076723699714,4.766275055176346,9.252478433808243,8.272600882937745
2919,840.3254883205066,14.357234140927986,8.246348218417308,7.986614297643531,-42.296798862211965
2415,576.695510789573,71.20052080354525,4.763854394339807,2.174511377054658,-1.1612310332521911
2158,833.5489855622114,130.93322369933927,9.798076663865984,6.088779708469682,9.520641885199215
2218,548.2816781599051,38.309949868356256,7.746144709844632,4.980270488676032,-1.5853153060598668
1400,160.4578599241391,142.12897318233013,6.063943568034129,8.174899653208865,13.109883683075532
1639,464.72327922491985,151.72578967459816,14.28892077618717,7.518092928507543,18.744098163298634
4104,547.7184045819015,196.5741461847676,9.850232988610404,7.213651497199647,14.277564844024198
3735,748.1823234690662,49.86997902271779,2.819179211751177,4.064903519319072,-8.118576947776596
1459,195.92085711580694,166.7748268565619,8.841283764207537,8.24467357359329,15.91119457048995
1954,226.0166847944041,108.85634961454427,11.930245944812613,1.4715216603537509,11.325483717320413
4954,337.3154223711548,80.95789326739295,10.918855764899163,2.436624112889505,9.18892602173602
1469,339.848554033794,33.25158389178381,3.4092492101336314,4.020609456801205,-2.7906636137426792
4446,758.9661206131561,149.74606523263213,14.613879986561447,1.6912669696235314,11.236792609550934
2045,325.657594505438,54.812943837300544,7.283391040452484,3.1149484978122244,4.457086036681638
3797,669.7882570217027,80.57018035587869,3.2263500523636583,8.471358846981264,3.3846052912451725
2693,544.8464651244442,21.883023110500005,3.522740557794071,9.534263840110714,-11.841130671148521
3085,615.9649403614605,162.25971400570862,2.375289890647127,3.7414212019677144,2.320544285986613
3277,854.2962668604662,155.65181955461225,12.24925351808908,3.3806422358995443,10.141387689611474
4436,463.94335139412186,149.38700770803936,2.708426920505881,3.519033870217842,3.1218135292105362
1562,793.8202393578434,66.89426699345847,2.751753599984457,3.4994717861575944,-5.615564923937441
3485,479.83245359561863,42.96121411053188,12.906602606651727,1.323371639673757,3.0610055956469555
2799,418.4842389051245,131.13512024934366,5.824457182265835,9.342247116979973,11.97545974088945
4354,962.7644595818984,104.2716129815117,1.4320106603130143,2.9232832741329555,-4.8779425337824955
3074,265.93382861106693,43.8679687118819,1.7265341932577523,4.780036666732645,0.44442947483350537
1225,181.3032645198471,140.3231414994741,2.990386253854538,1.0871819446687097,2.785527109772917
4348,793.8873329819306,198.31402204604768,3.9875068716596536,8.721595818235514,8.705919633088456
1797,161.42473481868242,151.97172167098716,10.312046719337676,7.580416100094255,16.830260371214884
4680,853.3710916327265,150.59741347026625,3.2025679200255954,9.520804316563328,7.05680020212822
3331,493.47405672151916,190.55942305681242,2.664241476479008,8.034539312767592,8.1091735748377
3926,923.9623095627226,48.557909839231414,11.706067980667909,3.8233586084685873,-3.498622859899413
1959,749.379575009715,117.45449333507368,10.394773974038802,3.230860228555813,7.245464711148355
2504,649.3642003071618,196.13287585643786,7.094539100373307,7.279446767979636,11.063147756834745
1452,954.3761173519891,41.40588108433316,8.690336800721456,4.277014975094495,-10.081937174422054
4067,456.9844357468489,143.04787229445898,5.3677762845698584,6.095935141773549,8.269085540498965
4900,958.6782428856698,121.30392773466137,7.755005883295049,1.056317239238232,0.9082134641002089
1815,221.50114967908624,121.43102751585432,8.09341708575844,1.5569713151242772,7.826298181023824
1658,535.3794477391715,142.55741922881427,6.421321796493343,5.81831147063486,8.484097773883539
4587,342.9201001529754,186.62721534638,13.692010949410278,6.094644818033486,17.949195461793725
1546,585.858501017374,158.6905685717542,1.224866109734086,7.763076500134092,5.29611324476971
2215,245.81249010242615,20.6658596490799,11.950397683277446,2.1876878766156556,2.2434683372618416
4120,857.376694279039,172.01832377638513,2.7413596373785403,5.618647753811009,3.3757901551607636
4583,861.7670643831016,52.8528526858892,12.165663047520791,2.7500287998851976,-1.3893327745323205
1016,959.7126814511311,81.61369129991067,9.622766819474098,1.8387650760642522,-0.29767990048761384
4243,239.2049267949126,97.72923458635262,12.805893273109634,4.694462146544991,15.052726234719657
2243,660.9992958144917,101.37214014308324,2.3652005589725644,2.470029832801515,-1.6852918629747524
3205,526.8135778303326,92.6842758585178,8.825728877396838,2.9960378037308675,6.1378081784523255
3524,409.9453588398099,188.09712590101424,8.01523032367076,3.8579912188255157,9.6937870781146
2069,416.38614502079696,144.14361145616468,10.88670456148702,3.3344956066887663,11.332510611875724
4444,471.514195546077,129.9224227317742,8.48006772651146,1.7883216766535175,6.6391914123029885
3565,734.4329947200578,19.469985278758898,8.570283939863458,1.8092462037373207,-27.341761588514682
3146,638.4574524413391,181.7435327494712,7.014343210064905,2.7392447371075135,6.240629643883374
4963,513.713361485018,182.78413648159528,5.323681936102772,1.4550326916358505,3.968222583005056
2768,168.34006933265988,158.24048205171945,7.75170105753069,6.638113177092344,13.325989939158367
2060,169.98880967106138,11.335548724587639,2.658893022757608,3.585940448580118,-8.751247777234136
3327,102.10545156320043,20.883247704748438,14.461186745763186,3.5177137099216393,13.089553118202272
4420,970.9294493863778,52.79250343101305,11.001750690772376,3.9879846481398866,-3.401691213820669
3544,104.72843670254642,34.95638754753227,14.334539633629856,6.965166467887495,18.303731859037605
1301,192.78437141237038,85.77884564370859,4.174183352619486,8.835704933351415,10.76243006983775
1180,383.1369011284698,185.29838103668004,13.310774282471392,7.831782393000745,19.074881291667097
1606,826.687226635085,99.69148249742967,12.323059783889539,7.547763072025854,11.578366911583345
4170,965.8889071877059,12.546499022111465,10.480133774407431,5.359520670407643,-61.14508093717958
1699,811.0122029126704,63.721681019964784,9.75040860519288,7.244250012706706,4.267244809425666
1992,721.5042092010765,18.473032590862694,5.43169531375018,5.974861312302249,-27.650604435740625
2139,569.1706006722125,16.89464829656541,12.42975098951043,2.94625475367876,-18.313396408373904
1190,178.03469067596524,62.38677208815493,8.021216460716273,2.8772953096694565,8.044786778421162
3300,962.3537137035373,62.366344348999625,1.992482062477995,3.667528061877551,-9.770647608575594
1980,782.5531725511133,159.55405449430478,5.3800842519718195,9.197224038728319,9.672680984102634
3975,675.0544468008356,195.21858402841127,14.094159379634586,5.926733563417533,16.562951425032548
3006,783.1322609849649,80.52934783909967,12.909523648467847,7.605148393016825,10.789866340217982
2184,751.6929963458248,91.48850698359733,14.746679773071548,4.119028838348928,10.649452590534779
4327,673.5084218105382,170.50999289434407,9.791907356457374,4.669441935987027,10.511384774952013
4394,982.5191201619893,60.94641381814754,4.465141023965767,2.1300902077352624,-9.525801305071992
1127,913.0274313724225,39.71254283665511,3.279410695476093,2.5416546203950334,-17.169843000623988
3065,681.998427205447,172.08702844669358,3.616802168518463,8.44620899343531,8.09990927472056
2816,723.8576903112322,18.835111423612446,1.2771392168615614,6.2635476851999385,-30.890606336999213
2758,146.436225992839,127.74289363788898,6.469549553803149,4.03779219295437,9.361006151699371
3613,702.9257180950353,116.77864101869329,3.679987526993595,8.225660880959914,5.886348029363604
1569,139.74889393909015,75.72488502532191,6.7631764463938335,3.218679150741847,8.136373839159303
2346,629.437381272938,69.8860090084982,14.089922045742716,9.784294287401835,14.867586963360427
2895,999.4181496092514,156.65296797450804,7.0275629331006595,4.103358469715528,4.751098776206997
3733,600.2259232934616,26.42067604488383,13.291782957787687,4.0357985873610485,-5.390456489676303
4863,525.8891062732,54.98901876916322,9.477066732622271,3.8072071498303472,3.7207443261094806
1625,381.56937085502875,149.16525904923705,4.459841765259487,2.0990036433185915,4.000814314158975
4359,208.470320907818,114.1809109080206,5.9819666296289595,2.000234325988112,6.156411344639515
3901,757.9213043124535,34.31775962138141,2.174873501500012,6.83294531080711,-13.077576990752135
2686,273.3391250070674,177.6057667135914,5.668476310344147,8.876062401022423,13.005517033946285
4009,203.75381912255594,84.7550908470824,10.485573237049477,8.114684592445062,16.19622738027734
4710,479.5863937574613,167.29499131121284,2.0095553010120923,2.26996834619216,1.4128126357233168
1154,815.8076541631876,159.66547295026464,3.875619718692411,5.910239096128598,4.676378104377683
3537,770.5580933081983,128.64083482962832,6.3401745797863605,1.9503239137897599,2.300502437279346
2409,149.39435318182743,103.95141494606766,14.748693518223476,1.407651792517697,14.71918975822333
1784,509.6293165325405,196.1146596725338,11.988065521424323,6.907472734462905,16.29690887558744
4175,570.1911184640521,37.543363752165234,11.268814450889455,5.816371003123153,1.8976513207353882
4464,680.09198556324,147.7795882347118,2.6266733913562437,1.7382131669032377,-0.23718327890287316
4882,685.1506153989053,46.326233278309914,11.93394251060988,1.314453217653896,-1.5412939769792118
1245,428.22752451157527,74.2699900131462,11.993763361224211,9.907807720684012,16.135749322193746
4247,604.6094746031627,68.6527612409071,9.415437738740597,1.270191989341647,1.8788539527926265
4110,532.9556954596778,189.93683767035736,14.865064947977206,5.000754277451437,17.059856453822206
2500,896.4985208709529,193.79767377977228,5.5535546829437274,5.54157122146926,6.469175017666456
2705,577.2386193714101,44.77293440459816,14.177814275385924,2.055521330204005,3.3407560360871553
3806,496.92894557334546,14.186680456525796,13.80623560939105,2.5215560059574464,-18.700060537673025
1537,464.03690471366565,146.80152753599148,1.1607292364912898,4.166245057693173,2.1659928486753395
2890,615.1849834901191,89.41808743539202,7.301631370647355,7.855082885922964,8.27684239692432
2841,823.5792814608079,26.879646566637234,14.679459262722027,5.5637418165424,-10.396311959684038
1920,584.5613413427088,139.91328005963808,2.443699073713061,6.741116870976654,5.006789805258638
3455,695.4896575724873,113.57005036953294,8.668985721366472,9.866570995816073,12.411674097517317
1524,764.0701902158725,196.29819618021014,14.705405098575458,7.912048917818887,18.725058645046033
3875,568.1512988908587,53.207804213661994,8.776935937482042,4.909253483270959,3.008220139980157
2529,484.1353509893779,86.75579650204416,3.6574142416101836,5.017977296168938,3.094953451685698
3950,888.9988400762045,113.08370264513036,9.150565221296256,6.568948693369045,7.858090745086348
4896,475.7554756251029,160.4229978061368,3.8621680352936556,6.9882868757701395,7.884823535691858
1035,515.7485655180288,114.27934477681116,8.275859680522778,5.506398332530042,9.269206537956496
1684,991.3071820075994,126.45103056377035,2.0365910507728717,6.803751005334819,1.000886912184015
1019,100.21377121829612,52.96793980208874,9.476757369001664,1.211792449726889,8.79657947605073
3368,266.9256186190502,170.91455833682636,8.235059147794214,4.866605775071597,11.539916051286294
4847,445.56750092775314,91.43980392439039,11.362259162660484,3.5104426846612906,9.999905955325076
3559,939.3309184827276,36.78232922913616,9.82980659622299,2.1625700071879934,-13.545182821690927
1399,163.02673517272393,136.1957037560293,8.694487759430594,1.8959186152789762,9.39340286669321
3701,108.53689026564827,51.05718610520842,10.656903889473696,6.428729490532008,14.95984270203929
1971,147.41545237950572,28.53687694546695,3.015186790011232,5.712404924373505,3.5618038581588474
2906,179.68906955225634,173.77751259681173,9.335035257620458,3.2822570529673225,11.58327434780821
3518,133.83709588563477,97.43083025280353,3.4095484395188875,5.23855052895263,7.274436283483942
2166,531.8031941708543,152.3639054121975,13.957310909926333,5.430090836641675,15.8970528169305
2115,622.6814865045949,65.21163636320748,1.9566774678384589,2.755080823947542,-4.836867095199578
4425,344.51827396210365,159.52432563435661,7.025246495671105,6.868837556934856,11.734424247794944
1833,458.45864557807204,31.26782613409076,10.741164687176228,8.028274207474814,4.107126151450048
2823,182.52940160028712,77.63494102102202,7.412310963355623,8.12317186800567,13.184358463908476
3774,402.73341744557985,195.8317454149704,2.289333545260633,6.422228476331096,6.655034278389615
2982,570.2672724710708,160.85804610992116,8.747306225773903,5.6047472426711265,10.80689494972609
1853,759.0446264661806,104.47862675979076,9.982846723582963,1.549064287048554,4.266840153495178
1050,103.0117258386813,74.55771959675816,10.853092353867106,3.5904816896644527,13.061936751030993
4736,520.5796898838873,175.70578300427053,6.2256374024786245,1.839443021003529,5.102288414119351
4769,367.30258880939397,113.52107422605798,8.89123959440267,9.674408447906263,15.330102648526161
1574,867.5396395227112,154.1007533951311,7.309610649144783,2.2157213160318463,3.895640867572161
4261,743.9979837108177,153.28045926007115,10.408784542531548,2.3659786886599186,7.920928715674551
2148,630.1976810238053,13.409678928013449,9.16979754254746,9.006189564974429,-28.819745184568475
3197,349.5390811270962,33.98821873059656,8.360587073827888,9.49535455128812,7.571816884785402
3361,919.3051918517809,135.32957961500102,4.493341135735481,7.8924613531141885,5.592718563907973
3617,140.59060949829086,40.707764144315576,1.0282592484752748,1.0486443130540288,-1.3767523307440848
4413,198.52083881120365,58.54373548456489,3.43714345436001,1.0121164386090733,1.0582764313219553
3352,452.46712648632047,189.86121129792537,2.638924579938361,4.402906928087057,4.658684769451625
2715,211.99380156717072,116.43462909123326,7.2871864301532545,2.290558330098033,7.757033832396127
1681,960.7741278034825,152.63860632987596,9.571614110665825,1.1654752793643754,4.442652150953876
1837,818.1903899290451,116.01634036870158,3.9831901215873144,5.176600204640542,2.1074183299312628
4854,333.0843864416323,114.97758680871779,14.14679934354062,9.487557076662744,20.737405843255114
2077,629.6988060759209,27.888862923882602,1.093549809134429,3.9143761741218825,-17.570936690154404
4050,984.0974635720735,75.29600659572958,11.8122142123148,6.950266105858269,5.692763767921296
3491,895.7790803183526,63.661870750437224,9.752866773426192,6.870118178191967,2.552096525641444
3660,640.7186017979782,84.23838946658651,6.229767214667547,3.25972093298651,1.8834713914561991
4040,913.3515704577434,161.68539576262236,1.706845221773711,6.853827239414779,2.9117295486283705
3311,990.2664188320231,80.66720690420432,9.78481200497991,2.9110057685820214,0.41987000202193236
4124,769.0175406042617,95.82239565401972,6.398589180119073,2.0980667221920015,0.47120908108038684
2595,158.48776853460464,85.50246419221014,14.107739951785067,7.312449570037211,19.566584832975852
4051,461.4222127829387,27.747514675306164,8.587861048456723,2.0209673539352506,-6.020488427687237
4691,854.0431617549209,93.80371006764891,14.155121158109115,9.972182967304198,15.022726479827584
1004,307.5122762245171,47.16576187845786,4.086771708626257,2.651071610352064,0.21802334836171156
2126,847.5782659755621,45.47742619687788,11.160162745097447,6.347276764808118,-1.1299007455935488
2219,208.30488583149634,27.866859842510607,9.64148629188216,4.702371142713305,6.868853540768525
1773,142.25082143303172,77.7674850869353,11.351715217638365,2.137477801651004,11.66001182262329
1876,445.68155034212464,153.9215581099893,4.0053500956155155,1.2505951681967207,2.360434356732869
1991,133.05874368395226,62.52392121084525,10.309923227328833,6.6045905406355,14.78638838639642
3931,961.5432366849931,69.34632935824757,7.972565502796166,8.260818074102135,2.367570554299814
4421,843.5851262145693,132.1081849577605,11.399549648688428,8.578140953560697,13.592127690425817
1046,820.6927184168876,47.209754391514586,5.578625018125448,5.34442125769241,-6.460918732998154
3914,666.8001306965377,180.42200678047152,13.460798356513536,7.99709920464147,17.762117081848697
3870,294.6916207328982,108.83619941779534,2.1802184045589055,7.055624201396903,6.528180795737228
3983,566.434330008753,95.04455866084122,12.300650463076632,7.518290747492199,13.85926989440198
4891,637.5466651873069,115.98583646654826,13.058474761411272,5.433391046996327,12.995102715517518
3703,572.5283507742413,41.54651954907713,12.441532359135497,6.700705662179144,5.361821346508993
1268,334.21003115637455,126.55989634144349,8.178169519664864,8.249733222184513,13.787176565409446
1369,563.7231318832532,78.98913996046198,7.137389720430658,4.580957580013207,4.581630377517183
1635,542.067706781764,180.4654047832776,14.947672011348276,8.253810107808253,20.197761226319827
2129,996.7021982260519,42.082299268760366,4.20840731699827,6.3281515851015655,-13.148035702880556
2693,907.6925332415835,106.3397097344338,8.656263522264624,2.493109219337076,2.6135911835327637
2682,517.0426733940579,123.64139958011341,10.389457355352558,1.2221574150212615,7.429822303207186
1656,660.6436446416068,16.342884339412432,10.812146902060048,4.264782403592369,-25.34700265893974
1119,773.0844436830057,79.10169370366664,3.8563453203401017,5.920266954667059,0.0033140371823172643
1830,131.37864421044242,149.20069459315823,10.155917292757216,8.558383169831394,17.833750646324773
2810,905.4292971050559,165.87172641530492,12.457173930738723,2.147371121262216,9.145933649849932
4675,874.1141347761314,69.50077901528365,1.700260075495571,8.201857129152213,-2.674923616490469
2081,511.6888879963366,161.73272175272274,13.761298106554431,8.767081414605043,19.364586304480223
2974,452.05278947234183,193.87361664964388,1.413056772032883,2.356187383007504,1.4375561343373793
2369,345.6634373706835,172.8060478542679,5.983594454837521,8.664348873737971,12.647646222873549
1740,529.0091454973315,32.352357750271786,1.221384747261469,9.923082110585128,-5.207019781265119
4545,139.9389971799131,150.5487630962527,2.080032359554146,7.541549479434138,8.692055788412606
1116,866.974180012307,70.7366981637035,13.756355992521108,8.062927136424893,9.562926774767599
2853,131.88013157669056,197.79903798829454,5.96805163044607,9.949737408029861,15.251051055733592
3838,396.14622883288393,102.21820680037855,6.94680142595074,6.449331254733508,9.520636903239081
2150,938.4305394870909,33.262440688198794,4.014821339355737,3.770977438146245,-20.42712006041232
4464,761.6913890711074,147.78525412520423,9.359340782614076,8.5377775066845,12.74307640886983
2931,353.25186451977413,71.37212769338063,9.327245005489054,6.530371997604681,10.908179793692225
2012,327.38418456479656,199.44484984551573,6.210805485553069,6.230758813488609,10.80008704446038
2664,104.57392583622337,196.15866699235917,5.662488205275578,3.2827199996263445,8.412099332173414
2081,726.1428635647751,134.66546342391032,13.38950031452823,7.80700842624598,15.804310584674106
1633,143.9052235058558,34.66702530082634,6.365979354990819,1.7350054827408663,3.9499155649254725
1512,579.3422674606859,140.50358955825553,7.909013890161715,9.318583637151951,13.10427036334481
4822,965.9097753328448,27.67579242740517,4.966266673949029,3.9324111469343626,-26.002211751347247
3849,198.5219740490085,15.57919022945454,12.014773046999784,2.149971875109914,1.4219790193173818
2119,905.0319378712607,166.36210478208235,6.564274196587283,4.981298797921769,6.105440224749005
4709,992.3278016305434,49.853060059899455,8.190554651620545,1.3822291833087985,-10.332269143528581
2141,155.36532361531155,82.0151539816285,4.54700038083526,7.161635748384697,9.814287145249098
1559,894.6156422237152,194.9569040954729,14.827234292777526,9.124349594008205,19.362797219422514
4672,564.4711183992549,73.99969535360961,5.080940372932121,8.535367064246579,5.988287947342776
1487,915.862347500122,66.3330584438299,11.790395432677723,2.14632526103093,0.1296934137037038
4308,614.1870477276167,184.4595199283273,6.984939104994629,2.1364402339695867,5.7917217101995835
4956,695.9008090959081,31.04220461060204,3.8870436711779583,8.320910340918378,-10.209938590100892
1896,589.4010171976593,154.32065792178005,12.196062695508056,9.318288471428044,17.695024414866353
4343,878.0435922766136,197.73245766402707,5.670495046406605,5.146028468501402,6.375959721539682
2212,760.5189270583315,181.24624204718327,13.112706863569354,5.490740052223893,14.407393422665663
1703,569.1342809623734,133.8169045542209,13.813600588849523,3.864358372471533,13.424876864867635
2470,881.3447236463923,69.67155104861908,13.037533695477864,9.048386064307726,9.435925459653514
1580,320.7569790298011,58.321176423880175,1.4901108072952791,6.804126147631203,2.794399696868979
3837,241.60659373227338,165.6584699255776,12.023226830071478,3.5942641945063163,14.159028961993155
3908,244.36009479706487,177.1661636508221,6.758752530988014,3.6890458394882644,9.068527691687546
3294,400.6079908707141,109.83263338368164,13.23212088255115,9.020800657572421,18.605481079770975
4147,314.8210281709157,56.424588749428565,9.931359677586343,1.1227062151523932,5.4745652681266685
1153,937.0813154587648,31.459209598122975,12.671003878015417,3.9045391545397456,-13.211642577940154
2679,195.2506844457256,26.564098888047923,7.9920447781356945,5.989210130947321,6.631083338475913
4506,729.0916642356289,146.62471499723256,8.490357064385059,2.333957158893922,5.85181238926423
1996,270.2993858065053,89.82255829106775,3.0214268498713412,1.8288887877963083,1.8410561493038586
4157,893.4734194933152,182.01837611279535,11.975823021650976,8.33748697981504,15.4046110086806
3744,965.1837593664167,150.5375471380851,6.871454563337603,9.049639497836566,9.509512514139445
4356,518.9230078929852,46.33947940377147,8.001121655802157,8.412457787183705,5.215287736438311
2243,891.1643322053185,126.61770957498281,11.991367997339907,9.08909100763613,14.042230820335146
2092,104.6306536792433,92.74603633565027,9.383835601112146,5.978007739525344,14.23370182846998
4118,837.9522256672901,119.67744884603648,3.815382184197344,8.310323088913076,5.123949856805506
2008,305.76264537243117,150.23313343431826,9.263257228112499,4.456383745519904,11.68438657679783
3141,917.831178342431,163.17721739072024,6.706860011715181,6.996410753311347,8.078520000066938
2773,101.00810033209854,170.3100920172776,7.573357588614077,9.89951978250248,16.87979390121947
1957,600.5635615357812,58.2552261686847,1.396357841637349,3.0315495145521467,-5.881271768731939
4059,780.9722234064412,15.911963984297959,3.9404108932279422,4.509097716619726,-40.63131033727352
1452,332.8194976281172,150.4659996813069,4.934533139334396,5.32042639579077,8.043034593058238
2227,273.81957812856376,30.205307988597173,10.98144011002328,2.2421393831804655,4.158299369858089
3959,175.6884020211862,69.83472183646386,1.1608946261736144,1.729347494185511,0.37446776913300805
3265,393.7902188529637,10.725255483625958,6.722881657207848,8.46750579689462,-21.525774641444407
3521,603.8598810779465,139.5172016563078,13.93637618596026,9.791149355448276,19.39931458312456
3479,204.25947110223188,41.75508217953204,2.5663286316877336,4.642525574466928,2.317007263452247
3388,439.0258257881189,134.50365784141505,8.229941435060555,1.7888485257518796,6.75474619550646
1550,108.16516418745246,198.4310972618894,12.01131335347186,1.5923058462151882,13.058517319588606
2635,836.8114784498576,23.807465605903094,14.195438305281634,9.021863857242689,-11.931818382350858
2312,215.60384628387223,24.64482227077753,11.454872953472051,5.174328247549119,7.880757251416254
4325,355.0086534390234,74.67221760666823,11.087917681021686,3.8802458490615273,10.213936793319991
2757,116.58494686439572,174.613437707755,12.570833262740674,5.288151441154596,17.19131016295003
1356,489.01670550326105,50.95067507035305,7.246817093685611,3.864736852231126,1.5137084840455586
3070,856.1093524670969,78.47178578676603,12.281823456649663,5.40132197776858,6.773372655786304
2785,452.93609030067694,23.01602725912612,1.1115016664363158,8.736007572261432,-9.83165107864514
3569,261.54759108145004,154.99950533918897,13.943854775275268,6.330712339558861,18.58715791627508
2781,778.3289506454672,87.5782051242957,7.2062911332404544,7.251883955291579,5.570930259286895
4908,809.9262836836698,154.25725928156015,8.747322630120467,4.282036086109029,7.778868156136366
4171,256.3781277768101,181.68549042589106,4.568351484808352,7.6465529065946685,10.803794857142298
3849,793.7686976868908,54.224997949244866,11.395431659765901,6.999553763914351,3.756557987871659
4251,952.5680994307041,163.40524576459075,2.0729012906534834,2.076057979768508,-1.6805237120461376
4294,249.7398282390451,21.22783911486812,13.216901235655694,6.153785678040261,7.605955379428503
4977,793.885863278922,180.781003754247,12.5936356060888,3.310691466787822,11.512904042843404
3809,737.7148041423665,133.646024036162,4.02484162742673,8.236861026702336,6.7417868207724725
4730,526.2164995915797,176.1030775862868,12.330541575993673,4.833439376202455,14.175864521728041
3489,152.12841450291847,10.03579591575056,12.00900826286074,9.952157486768385,6.802585824327698
2631,167.2249759820686,42.125403367638576,9.851032368555286,1.832503941450674,7.713841954259244
3816,867.173193278783,84.0542836110335,6.229282476595626,8.023130764661428,3.9355899215594903
2015,991.1335354755823,82.10555164119653,4.80098255854615,7.063315601879408,-0.20715761404950506
2348,708.447031468079,53.07877275546703,4.244970264050901,7.907489475316349,-1.1946278945515303
1515,501.3624763092893,82.50626857476801,5.4605254786905,3.767768159414107,3.1516344342654508
4087,682.8162790617168,34.481255280048416,13.649818208055425,5.428490404441606,-0.7242268090254207
3839,634.9562733056908,88.42461456054495,2.0869708638429376,8.168576677513375,3.0747837182815525
1335,445.25103436505964,162.4473225402602,12.604197867541421,3.092871984587695,12.956174973700383
2782,159.06353011661164,101.02331198963672,5.88446105058553,3.034298771097869,7.344236803343543
3305,839.3616526666968,13.420016899590848,8.302391544159015,5.959458579654392,-48.28364880862739
1496,434.65017631485216,90.07436790005701,12.122798871078869,5.712072215768702,13.009412008443347
1895,836.9070790213843,15.163253057260391,13.381271658321598,3.5403622337163956,-38.27147512362014
3207,327.257874719544,193.58624803429166,5.826939881017058,3.682680854723405,7.8191190702421265
4546,100.92653186107006,34.2162522903451,7.465808737851544,3.5006064688590897,8.016748743982664
1851,243.04445494908086,144.46078200281755,6.803224907435092,7.943608557986389,13.064408300754017
2687,521.685475091726,194.82750134949632,1.1855144690547477,6.867107790062145,5.374943433087671
2931,949.8732714620469,166.94741981664865,5.1432004440211925,8.491754650692275,7.94529979782267
3737,191.97425772434707,142.8699212739787,7.428649272255866,9.779257254826197,15.864206915487808
4746,868.7887970154094,169.49757280514572,6.755310524326157,5.267478666447878,6.897118170020431
3427,574.3216865906759,196.54175171951925,11.107009185219512,1.6002449326490398,9.785118329589434
2568,843.3286892199069,128.05545447817062,6.387250641095445,1.432830793708319,1.234429205802713
1956,368.5369878909934,116.24511329757203,7.851270285589383,3.6609853534445724,8.341911721457071
3738,855.9524482052246,129.36524098802346,7.0145202898530865,9.392901304172058,9.790864923408591
4498,795.540502015124,111.20841848469544,11.368766084521187,5.708917494737874,9.924083943053404
2636,307.0483147282905,130.66693012284657,13.081613585817475,3.4460786447211627,14.177837416932633
2291,218.20161376844027,95.47001951478626,8.446447106105198,4.592501150599176,10.753397097529787
4906,881.2488902790636,51.504204747828354,12.052050718732676,6.387355966642037,1.3291747228819624
4648,966.9129880961187,32.84697303721837,5.155013548277909,6.87654692324058,-17.405337321179957
2440,128.1720823727646,22.984777751129474,8.579174542201763,2.385275588046145,5.388060236007307
2191,758.143060276317,60.02999891310802,5.833219351379614,9.793285088906584,2.9971012418335228
4913,918.5720598530365,18.76347722378943,6.798812958005624,5.9029500428451,-36.25355849405947
2066,871.6240828832488,117.76244818468327,11.25379410737736,2.2211948601305136,6.0734437693619645
4627,968.0684250431876,63.92740493446885,13.343274752657978,9.042717280115204,7.242745939246596
1284,784.0846705942874,166.66161353653612,2.700935475228716,1.6717458797148592,-0.3319693078942585
3444,498.0688861428192,24.105765867793423,9.884949590823327,9.169618898597614,-1.6072469813857992
1011,380.7567914456174,53.00678392488233,9.150013306089178,9.969090906600842,11.935933243758939
2630,388.6684663943147,148.74676794712772,2.657810548463046,7.303886192408535,7.348742713309331
4373,751.9804053527052,123.77357631286337,3.966520626161527,7.934024989665908,5.825093748363262
4969,771.2533108278678,22.253341537341832,5.3540349262575235,4.035725528207378,-25.268104726531835
4324,280.32322919384137,176.67549686081807,3.3370349914450204,9.474191674605404,11.224570711067173
3546,881.3105321414779,176.6797349369741,4.412212755340785,5.767425694975309,5.191457250837487
1753,743.4316361820229,72.77752073639704,4.746411184063906,7.591496019377994,2.1227799407977006
3082,606.4752577090444,74.67711023641729,5.699433662546834,9.316969443201515,6.895102538693351
3774,524.3792140922615,197.91538808653303,11.491466339216226,9.776619783779575,18.61857403016656
3896,588.9095252109623,128.97347260269626,9.00677085390841,8.498839209370068,12.939480972336634
1089,243.32116445133803,110.95013890793123,14.80745340731962,3.7271575628382703,16.341543283660886
1775,283.33112434864677,169.24891487486565,6.806301577544595,9.698927648968741,14.831179354121966
3652,182.04804136557252,64.20516428789011,11.55411103371695,6.653075781192146,15.37177562354004
4993,238.29223434500142,91.54469274530781,13.200557899271473,9.375782287167638,19.973324902877355
4017,508.3242711447544,60.87756834278349,10.505698902532586,7.084945232329167,9.240700387395833
2625,577.3189543554305,159.94056085185898,6.766106365844944,3.7651506566294843,6.921672616363972
4069,116.07570323048743,118.93637567069142,11.550324830440541,4.330220717285344,14.904597671595242
1417,817.1180450776247,135.1767633266134,3.851339928817588,5.954245993926464,3.7607744849726936
1114,364.7511760091301,57.93837746948724,5.585730312521854,8.110133574038938,7.400361804176396
1616,920.6524314639199,51.84280726168987,8.653593571390044,3.8618429620630144,-5.2431008624231055
4974,970.7601372523999,102.79117950675835,9.055731422006076,6.217580495207729,5.829309601931744
4267,266.9129872089889,150.1374923276371,1.3099806566168124,4.110624942187614,3.6428152343129323
1825,515.8875616890946,109.79555392883043,14.231598642584123,8.341924641715964,17.87490350208656
4572,101.1086516497833,16.202678733677036,10.75278179704346,5.200552843911554,9.713091696457791
2649,638.4945386101842,175.02478620085486,7.939852503246475,1.690505441675967,5.9823344136869245
2516,646.575803436404,22.290509767875,14.063781281716317,2.4944726933338273,-12.448521113074879
4146,322.7859600430377,191.60665190694291,7.147337913511599,1.5499420085766906,7.012651769409101
1412,602.5714053248781,14.776972072681819,14.726097983785206,5.493726514128927,-20.557907392020994
4447,302.98612819936193,141.94558666483468,8.171986601408792,1.9570356761340446,7.994499216147626
4491,244.74292217037106,25.619342105238516,2.6000007799717126,2.027259723786689,-4.9257920752275055
1728,686.3675201220382,183.0285500926765,11.707213614429882,9.469434340345394,17.426590820112427
4348,393.3329175568674,98.24231488285312,10.504568151089767,8.853895649584498,15.354762157182979
4068,631.2375449970602,36.12951721523292,11.821814098278214,5.068779371302294,-0.580925489187031
3808,489.92207407449007,74.75498296007086,14.320188402159534,9.872247887651852,17.63873171153366
1675,985.9162666626136,41.31668831588479,11.870850237114254,1.001678753535968,-10.989893358518648
4465,234.6225784008092,42.410563195847104,9.558712431033056,6.525815106460544,10.552354401349447
2892,518.1387369722291,190.14058083257402,13.002324633051773,6.5478535963468305,16.825148492435353
3504,712.4109637233927,94.59676133410976,10.425450150963442,5.1169875028289935,8.011408539516502
3967,455.9905754919718,159.87243014201832,6.713666795562923,4.572531756408636,8.433983350845855
3239,977.2298666836209,131.52505662375955,13.398676699384826,5.098448219325468,11.067134833405989
3786,749.6988651342416,138.52100884429453,4.10660645098122,4.734643924717124,3.429083142806287
4760,691.2854718080438,35.02175330968732,11.004977848722138,7.574432297340694,-1.159335247270409
2122,781.353340850101,54.495044894942275,13.341888369170597,2.2181989147595567,1.2220251288034785
2571,957.3837742348453,159.48256367934303,11.238431275846148,2.778752985320171,8.01412190658962
1977,917.0367876861761,194.44557923020875,10.761855866753997,2.624664055531812,8.670358252184407
2008,751.8567773137707,59.90837209374383,11.536936117005704,3.362235266091381,2.34905941982632
3143,774.2454751911548,61.59806530269757,7.510773476209021,5.72732576903425,0.6687844236420766
2687,231.32986663163092,99.85045523407192,13.238389550198363,2.0008787260439687,12.922505011724992
3710,192.51316404339912,196.9296594425332,3.8481106519052766,8.813523657938537,11.684061075886248
4261,613.8140516597479,61.1021997070295,2.78340982400475,3.676253781776251,-3.5860312235842287
4807,116.530873246486,87.32466283051014,4.9971229216591615,2.462841887218371,6.125509347278297
1036,534.1207433964323,179.38120296846628,8.442083554849905,7.08059178638419,12.545101690496976
4851,289.3146219269818,10.554996198058781,8.147865135730733,1.3427767053938735,-17.91956433026094
4440,411.4149108803556,17.555533347828213,12.488382607472213,6.579717083867478,-4.366956523073274
4766,798.2242622136605,124.77361864353165,6.663961189656243,7.283785876088498,7.5503669873956145
2548,947.1137538091479,182.40223129544094,7.780821968081121,2.9342487824804726,5.522624654465946
3326,165.17464493170735,55.38276547636625,1.187147565631539,1.3776766609927087,-0.4175953674675843
3264,580.8179853788006,99.23193718933472,6.736349310201147,4.2728082302750465,5.156021928797075
3914,894.28013723764,95.58840731498547,10.06883926130479,1.8873480721774283,2.600658118618492
1872,174.25768099637915,99.86455575814693,1.2171166287722905,2.048300647060034,1.5204770448018243
2821,842.0626422071505,128.2787421886516,4.9323475126074126,3.288351083003781,1.6563791468845972
2296,422.02121583544425,99.25131496822992,3.911389030051459,3.659211321640834,3.3185537569390435
4952,389.88523199740183,95.01894685126699,1.5877960047342352,5.769733069192785,3.254292352016299
3109,979.7197476833072,100.1147998819395,7.709641258803525,7.1055269695271175,5.029205025700831
1595,280.77318087606477,122.26481384149788,3.544126105194191,6.334938467831663,7.582629711234345
2903,723.8745467404128,112.03142278675809,11.403141554839323,2.335243035605651,7.2770317955398856
1728,839.2966552088798,172.28583955359582,12.87099037268688,2.548774292073638,10.548228748729613
2365,137.06514575134452,19.404402163796657,8.638192557368068,8.90892324813623,10.483504950897768
1396,703.346912518971,168.33024357987236,14.743902795295982,6.025170835577023,16.590698446705733
1698,956.3949769197942,170.34567639622756,7.306700000588335,8.8294404960792,10.521704033395057
4090,211.79797005525342,64.13252409088255,8.187154943148817,4.343918601878869,9.228568723057585
3224,906.5991724165344,97.94187145301161,14.849048555408501,6.5296000668819145,12.12214617888466
2635,635.2989736392425,93.32231282211275,4.241678103510683,5.712970744491496,3.147070312628502
1395,654.9441236762266,51.51686852728476,14.195643155476674,3.8721114083841632,5.3545570734242816
3492,651.6497573790454,85.39140094640013,1.5997257716675854,5.229238348302358,-0.8023635097065336
4304,368.9522977035825,18.433676712462344,7.249416463684727,5.522417891442388,-7.2432881545427605
4986,941.6816337695137,62.78619382852954,1.9800491698629208,2.806938772810107,-10.211239794164577
1075,952.6154163679348,165.16961333563643,11.209286400791001,3.8350933513905843,9.27688174132076
1264,662.7741941925531,64.06683733495053,9.517725102320249,8.12268775456278,7.295369746241006
3502,805.0804533474532,165.45926706216704,10.89287968854635,9.242094155087145,15.269241826067113
2819,651.0321872930422,111.00389827484186,6.242725599552237,4.238146841907695,4.615923575600207
1717,535.9586028166366,177.1739086986204,6.172747076439324,3.7627505398811634,6.91045512133144
3782,694.7381064693257,119.20811531023888,1.6344699054525245,2.756774481146943,-1.4366986578926895
4455,597.7013073327626,15.636962382300565,5.899229153414957,7.106420517855231,-25.2179702825195
4635,637.728276368737,138.32983943394694,14.010037631668832,3.9078973149970357,13.307734580798638
1850,805.4492980769758,18.522177924478044,6.309171520526285,9.889745851892696,-27.286751611061177
4577,532.8134483040864,95.61343360679545,12.63914788710758,3.931163218575579,10.997731728445753
2390,136.67869548322548,186.59107194989167,12.792557066499077,4.547224421043653,16.607277546947277
1143,247.59953289054752,41.38874847419153,6.225376189309274,6.430007765908313,6.6730930665491055
1884,494.74649484058455,84.07574705889338,9.847841525546647,8.215158638721745,12.178467321592317
4140,752.3439038866525,148.6734586812109,2.335202431822821,5.225667988110703,2.50049239038996
4170,633.9507834791609,177.62912565802105,2.4515001302798707,4.803904304100625,3.686447028714551
1395,685.2647672861085,137.4791709010765,1.6812072912639864,9.960740502353275,6.657448957941327
4096,531.3510357186585,59.05291829632215,9.134211307251533,1.0944427702595,1.230774700028153
3995,654.1678197480186,138.17549205408108,6.964993686765358,9.055587599661212,11.286255321500885
3938,396.11569403319595,66.3782518097771,8.672452993299363,2.342267433457637,5.047168054809015
2492,523.1643334269986,146.5015536655597,8.29502466711743,8.07332748588022,12.797302424601586
4555,769.85115903546,191.2662942411577,5.902841875270224,6.561384038616682,8.439203302925485
4636,884.6495010758091,147.06475571019476,10.484627807528621,4.076625569482829,8.545879422839208
4222,490.28980056075,173.94729555335834,11.61902633282947,8.864874599689166,17.665289703174437
2167,139.29549193662507,10.399730203417848,1.20479562428746,1.116165051828928,-11.07318409610529
3616,245.50528973212238,146.33870369900293,3.9013921967642964,3.040215868674313,5.263956948362361
2062,118.7750253623843,167.62163580439756,10.985302153166716,6.102035166245824,16.378747257083198
3156,687.9367173135971,17.70616013348947,6.412682416873679,4.163880340447282,-28.276396445980954
4764,399.08316281959804,175.60356818476382,10.274775257182515,6.4933974578649485,14.495535735372329
2065,588.2307721474308,58.77190337890871,5.857477236283818,1.2169917406780013,-2.9342382169339523
2209,543.9491621054196,136.4054993758305,6.470572132614919,2.048130374335413,4.530966201636813
3982,173.37384059718403,162.06742701444725,3.221504231655589,2.143866161965953,4.295606753937617
3445,462.93522501144867,135.90625748127752,4.61523427532624,2.7035528132440847,3.912503716553972
4294,298.5050124300909,27.534110493918874,9.475764605106221,5.133982967204885,3.7684671722771874
1633,476.5598098008874,123.30108858346998,7.064283558412329,7.769158295892141,10.968432913379548
2156,283.2204523080184,114.42089477720728,11.840237561224331,9.14984954136011,18.514835944485334
4234,856.4071656492401,181.0610409341116,12.936189369136798,8.518352772558215,16.724605976350155
2238,256.7740029204283,86.80554863239975,8.583049855034638,2.771990845981152,8.397003951454959
1732,964.7024963382793,71.00540844653952,11.615742088784828,4.970354970075691,2.999772897869166
1234,474.31662953224674,152.4716452429286,5.296663184723981,2.794704379826815,4.980516174598703
4914,861.6207628171444,88.40831195584536,6.809597015601095,3.380246350004717,0.4439185339285352
3705,665.8883363853506,132.75827325096196,10.978887467035634,5.531922833606975,11.495014899880077
1750,761.8152687991774,132.82551712367533,6.406967899438429,1.6129812225117028,2.2844904141941322
3635,790.9514992601022,178.7274222284224,9.239069092225844,2.9635689663394587,7.777175589525563
4080,554.360393703716,123.7515564406285,3.595218907155161,9.418403451764055,8.533998751359356
4145,588.9704710269596,105.4091858927775,9.396798409586971,5.195046633926401,9.00437687327191
1953,562.5962810278525,36.385552015338234,13.06119190117651,5.00847873380085,2.6075915990267315
3539,629.2525402810713,31.99014526895402,13.16095495752796,1.13110439276151,-5.37814017492969
3960,126.45500118085656,39.32109740378508,11.140821688613556,3.2265977235251118,11.151461325254656
4324,455.9636528641137,42.651211452147955,11.440547307065765,8.796631923839632,9.546658672639966
4301,645.5698422050544,131.19664760609044,8.81098423210981,2.481655854328019,6.372012509555401
2542,637.9512087302779,150.78643755216993,9.185353262321547,4.73612445581249,9.690651530536389
2197,813.6604851450684,110.69838935601956,2.871108139747252,1.1289781528030112,-3.3501605346934173
2676,689.5084049488977,167.5133691836433,7.214028637898216,5.305019335035002,8.40290841757035
2191,992.9199847066051,198.3400130793903,7.310867974409094,1.1891899605359544,3.493907288432963
3217,355.4690757477805,165.80239953267764,14.418969699348363,8.3764859775922,20.65152364248456
2416,423.23592669960834,142.02765099843225,7.035216076726052,8.423683907383932,12.478945561683606
3993,445.46243668101664,111.17361289305785,8.690797028638606,8.08967969472133,12.773568743230477
3842,519.2315263182236,95.28208361819456,8.465519589907434,3.550276620020064,6.566382148005431
3681,852.3982574030885,26.034552303463045,9.91466403862058,8.535134963996363,-14.291238656390732
2217,312.21288456328887,85.88006219499128,11.475259638646543,5.886983193447424,13.726790358219331
2540,798.4001863318865,182.9255809886055,4.15058626639221,4.364272979803022,4.150241777074721
3076,464.77916477716906,163.52429968224504,8.4021418673781,6.627969637338097,12.187847904258575
4236,641.6698452958077,51.04975935222057,12.562847902424426,1.111069414543366,1.104419371471673
2445,669.2864799036755,98.65547909247101,7.483605993725161,2.2866478984067693,2.986175744010578
3386,435.56377347004104,165.17740848612348,4.898405649230022,7.680641843532365,9.94210229873101
4719,561.3536846852246,22.803065409249278,10.165927054988186,3.197454478445377,-11.254084347163822
2519,471.72805718292733,83.60459127704527,12.53274354118772,6.382082055958747,13.272455363916869
2388,162.2195075679575,171.84983500605006,1.8839641009834784,4.465923425407267,5.405926727346356
2856,493.44884993514387,86.74059419232351,11.87506676770118,8.693252009193353,14.879530793253839
2365,187.65405329819697,24.746782498973765,12.503071061464796,9.571737753969792,14.491841077871982
1499,464.51871917228937,113.08153002112778,7.461320986240495,8.952082555331714,12.305582228175581
2680,633.6265598486036,173.7310740344761,14.766279195458543,3.43557995224237,14.554690307180975
1510,621.4734094091507,122.15425316110034,12.013916769902327,2.7474658214147403,9.673770876401708
4398,696.3591511074883,52.99303056070404,11.83127590853932,5.269914042586615,3.960610072234088
1216,185.73535715916364,83.00552782610245,11.469740041769006,1.0660073575256224,10.298121038454163
2324,686.9109209773941,95.52343862456712,3.108513445055836,1.2322845357686356,-2.850221635598041
2155,380.93325102680234,120.0606072259001,4.041232410342151,5.979615756607001,6.848006884295491
2827,459.1413515234,154.2766948929965,7.49586184050195,5.684044637487574,10.203816331374366
4141,872.1876285304352,28.785987351720728,4.696060899432522,9.95123790131734,-15.651735860581592
4323,108.12736371659523,179.0338862733376,6.813373612676566,2.816576518273823,9.026000979382998
4486,629.571370006545,12.338843573054362,13.43849753892089,3.3229353624442157,-34.262098297410006
2810,638.8425820900968,80.3099435881085,12.540576486309769,2.0218657809365803,6.607728896177686
3492,456.9937987092058,15.209858894804954,9.820558298719751,9.257887086883702,-10.967447996438086
3923,313.3250713975026,84.66510281560534,13.01368551951545,8.000301200126057,17.313228544459193
2205,311.206634435396,109.90439378593152,11.972813446241489,8.401052003111626,17.542253138733805
3214,895.3387026946773,107.21946345048723,7.005789045772467,9.124874091680578,7.780139138532505
1090,497.8219364045718,41.46938593537041,3.814912128699232,5.7240998805325445,-2.465552928875141
1713,397.8004266902547,132.69069691816634,8.19881456013075,5.060738723056513,10.261600631423075
2881,503.89981644826275,18.50790559588696,11.307204355399701,3.9735232629905486,-11.945465741934926
4602,702.4513613134252,154.76229582515893,7.1098743822143025,6.302931529130699,8.87390089208235
1038,231.18091142027652,189.86244245877378,10.334806736974562,5.088505571108403,14.20568912560192
4197,504.49045169236393,74.5560771587124,2.3205839680746108,5.064090279450176,0.6180836365619529
4522,629.0959339993483,108.27548252572306,11.472066309199647,9.43235077358025,15.094275032848198
1172,953.7250193662903,81.99295283117473,12.377990678502869,9.856283628512172,10.602481739060686
1652,327.27500386787733,11.274974157771391,10.895729980927577,8.168359503966226,-9.962584925911806
1753,423.325673124621,83.31615555007203,14.541690225369118,7.810822812222355,17.27155760548194
2243,441.4227309301814,160.42684925965582,12.573128804448967,7.125023456011913,16.946600802788574
4709,644.9843418803946,123.23788001486155,13.643312190271537,2.4946736710016233,10.904332525118608
2081,421.0588477360015,29.239383776880196,14.069995168407072,1.5319523878808907,1.2015466809132924
2683,580.1607327697261,170.95650304181916,12.21887188623332,7.216536836019368,16.04179267111126
3523,803.6112968605264,110.90621552819614,10.439623788090987,7.559076000309184,10.752836307861326
1455,734.8470347009833,169.92743873148845,1.08006013905105,1.4227569198832581,-1.8216583770907988
1828,501.731781861327,120.24208856915558,7.521560545123746,9.352465752059633,12.701346099826669
1894,877.794559906752,116.34080451920858,8.996272180713055,1.8202657550020978,3.2715105179116
2384,602.3262246344766,29.999245187432354,5.256423814271995,3.5731048039408213,-11.248517374984718
2958,585.9152555519913,41.79834929633931,5.453462256648609,7.05150831518834,-1.5126943698574262
4072,130.76898934524235,194.6847987343523,14.456231819942312,2.528853349640287,16.313389227242094
3434,988.0236823214454,53.41248188340644,13.483952112838443,1.4987429959801999,-3.5152972607962383
2996,210.67372767666404,195.7159024181699,12.888506077023859,3.980318402477348,15.792398266435827
3395,308.01782118488194,111.06341423961004,6.6841652238855485,7.893744173696612,11.804558485459477
1189,146.52715351737427,35.799918942148054,1.1917797057248036,4.723108110867344,1.821941300312063
1504,676.0026701532223,28.86741852320166,2.123111450379997,6.876756297171454,-14.41762868046817
2214,302.231059275412,49.684173434090596,5.370749155046451,6.21657187505323,5.504276100785482
2531,262.0093937254511,185.8710927048138,1.2204007819394778,1.1999663382302237,1.0107375219752457
4440,179.70002580091725,88.68854262236309,1.2400969468127736,9.89685988341136,9.110764714675653
4480,192.97806141161408,85.13251091865374,13.832446222993754,1.3728527993744897,12.938502714715467
1823,626.2036303983299,69.50918960333306,10.886219029666757,9.710224638836365,11.587510691843836
1928,719.3870792799358,37.941751607651796,5.325383860954137,5.9487776052795835,-7.686140807603724
1933,457.6410896179609,102.69172746655723,2.857024086413344,9.668431243585598,8.069000064242534
2140,531.9073734328658,34.70907867711635,8.162900050531078,2.032782394724519,-5.129050843719648
1133,717.3709623846856,168.74124491264223,1.0748462519611024,5.413676672669618,2.237215173783734
3105,115.64181116693167,80.37542739230823,14.137792414014017,2.5255368267945277,15.22455852544438
4627,390.8175913632507,81.21267787854131,6.807411671445261,1.4587738932019816,3.453912387942701
1684,975.7879732633118,100.06122141179962,6.632689373322659,6.557762035560804,3.438541932908958
3719,622.1010067259213,94.3842655014928,6.468310506144951,2.870050788655223,2.7472096508211035
3220,328.8021219077439,199.0230148812711,1.9705966254287066,6.289273164587914,6.607788888197834
2852,569.5570419725918,113.62241303147748,9.936511357085571,2.0112803375408705,6.935074337402176
1814,408.3881393088238,26.75832372007543,11.262050674796948,3.987878242894325,-0.012168348978335075
2172,579.0204899436692,125.30669489961669,10.465755566236064,8.034693022479225,13.879622140395641
1079,213.16736062598395,38.80101564527719,2.9380969066115203,4.933463696579689,2.377700272967343
3933,219.44318843734965,15.878152498954975,9.103762352498297,6.649708734076027,1.9330226148902057
4284,229.18812583545358,194.44100919867714,8.972782778411553,6.827121466709913,14.621201630997136
1202,945.8378127341575,156.97238939156713,13.157751031179348,8.593795395885643,15.726042092192646
3811,759.6090265072077,196.2207085586157,6.307787217259058,3.9243051496597716,6.36089532514332
2252,246.1437051960888,100.79690512422606,6.2008032112320794,7.185660063242658,10.944486460873847
2699,269.51417538904127,111.12893091830546,9.659378822054599,9.654542263415491,16.88868246253067
2250,757.7465273837887,41.98402162463474,9.863017148993183,7.5721900092208125,-0.6132431345795339
2682,240.54746031295653,56.91241106684126,7.569993182561065,5.4088342904597,8.752201754591027
2555,311.10516400134577,169.32435083153734,7.202831072625895,6.676457000427363,12.041955388926404
4512,967.0121495383592,77.6752729523429,7.918067388930357,7.657146079867974,3.125792787242922
4473,329.77587225558864,167.0948450213196,13.054634193046367,6.510481891244852,17.591531128911463
3094,695.469115334032,144.71260761453604,7.45633661755474,1.1500823214085525,3.8005549109546246
2256,980.7681586604774,43.662475801654445,14.159045087577514,2.7529614791850325,-5.550488760250367
4376,436.8670904258134,106.414809562751,8.056052690348565,8.294213954939195,12.244944348317429
2549,115.76439177585601,138.7035910885562,14.28880970453248,3.453855825812362,16.908048409999733
2166,319.7325613801369,54.65707081272677,12.65964662616706,7.584059076050205,14.393912498413012
4486,847.7894722075349,167.8308169988146,6.0740385166216075,4.3490819371752885,5.371667524186699
4584,878.1479523595331,113.51725493358549,13.090979898152625,5.696958953421489,11.052128530285927
2396,791.6674280714121,41.39598958409461,2.540885978815613,1.6117596983746334,-14.971608532584483
4637,201.79883716891572,120.76704097127447,13.950660454802204,2.6310300494473857,14.910714420494127
4957,815.9593345267629,199.94562278962366,9.843009211160483,9.61477267167311,15.376875668721125
4330,926.8100172941538,38.59908341604857,1.7614704793123566,9.011242481022226,-13.238479411886578
3703,640.5485882916125,165.18381672271033,10.019594131111361,6.870475998091452,13.012277491883598
1470,946.7878207042584,49.388710605636014,14.639467158026585,5.136801376471636,0.6061422223483497
4018,844.1549953406897,158.65378259741658,1.977209164604805,7.0818516360570145,3.7383241530980493
2035,700.2743652918166,149.56980539306852,8.76562793692121,6.567492601845451,10.651197182301097
2353,619.4667130405734,67.09298326408215,11.469120896631214,6.116970300441508,8.353132951613373
3783,413.71630051777345,71.90639233724546,12.34362021379344,1.5325936467718764,8.122673916892182
3831,243.35870071852463,160.57906447295463,6.793584514491142,6.695223495953562,11.9733009826932
1967,644.4585304214868,97.6746472585894,3.858331828355402,7.9202804011405155,5.180599863858079
1357,386.3003982563075,148.85542545524368,1.5927919028133737,9.94673489181018,8.944388612223502
4019,879.7948007748809,38.11698799950861,9.116166199361146,1.0997069733487872,-12.865562348539093
4479,994.0032436227657,171.98597856129516,7.340754983746551,7.57156107979609,9.132756288159516
1667,777.1849863540153,145.06809616964063,14.282421532095954,6.146103843423824,15.071144897835797
1372,181.43352575834567,182.31913367861844,1.848468708008737,4.90646958472861,5.759795752853594
2031,359.8170359775743,35.150752016644766,10.59553480824408,2.148131571142338,2.5072698491730154
2145,198.19866858917476,122.67275506851355,1.3495271096808004,4.681766337713886,4.41562362341071
2371,685.4604830125442,123.83291115766178,3.400078473947598,4.1893946468752175,2.0541071457806197
3723,788.6717781002062,77.15754070388867,7.350105998919678,3.7254690008086797,0.8539975504556914
1089,933.1073477926406,97.10862066815898,7.368214199240155,7.577916609899869,5.337227486527
4719,494.3551117707889,17.216497025072158,10.599807601071015,7.306529691558374,-10.807698498209248
3745,911.2380846295998,151.7134073391323,13.742982488148593,6.301180818828204,14.037851138450616
4387,890.1020431371948,114.37127108660306,9.946450224808892,9.44798331964035,11.61186686769
4249,385.47614508885874,20.970799855143017,14.349491369921124,4.14868945762769,0.11661466166306056
1539,882.010562986514,139.34361966249224,13.342618958291967,3.194217439391616,10.207084342133037
3779,438.10502669355384,98.6885946739257,9.182997137431062,6.9031298178855955,11.646859903829252
1868,367.1823471042527,16.54763929075,12.673087312863583,2.7893265484366268,-6.726995797242733
1040,684.1671929149537,194.22546810113812,9.996086544530876,3.8350945646508214,10.308640015041096
1739,395.54310509657296,190.33130718699368,2.09980963293218,3.0214219606739636,3.0430495491358345
4775,667.1878734962298,107.45145906796753,11.367906125633139,1.622382109466511,6.781085686493905
2946,648.8486249488251,27.797759934122936,2.328718177742847,8.447488674721061,-12.565552572990217
3549,607.0950346136129,153.37803210373244,9.317158927975974,3.2908648862949503,8.649862229546567
4006,442.3777338095179,103.46690902008852,10.836962882015204,5.257247530087186,11.818662432567907
4216,593.649749486329,67.46502087498217,1.9313865149519733,1.3898374592888074,-5.478147044800439
2224,636.8369274868794,103.36945373042579,4.231125154971444,7.294055196273788,5.364395859264961
1928,591.1181996459261,109.26438762703825,13.819411251663098,3.975049020756617,12.384479834295249
3036,499.97750747608137,116.91522281424444,9.62840289126055,7.70263055046289,13.054622761905906
4795,113.20035134163743,93.83250559451204,4.448004263347443,4.7116275442107955,7.9532231048979725
3508,628.3555369310359,125.09350759642076,10.669516796072092,2.7618004576506214,8.408230532401817
3779,251.59994662844767,184.5595950152117,9.354869879463655,5.618575740538323,13.610200611755669
3799,678.3183720524706,78.83093654873232,8.022059798851277,2.174541036736958,1.5918778454821556
1924,783.4098951305793,147.88612801179033,14.666617649833173,4.964852438856953,14.334084149502365
3956,550.4007782176673,179.9459857966041,10.568352883705124,3.8557492967843787,11.365402227939327
2581,588.1272984817645,96.636062394388,6.256175535350778,9.207636257796699,9.37780948811234
4618,956.3307036993921,94.25660891256179,12.201028049076152,1.5483584954864795,3.6033531286295037
4324,862.4506252353168,124.40222721740811,13.384166100896628,7.2461567269516785,13.697564110208319
1389,922.812864356323,122.36728429027274,2.75308783323564,2.644760493886923,-2.143488147807113
2617,832.3896594876278,163.25197504199264,3.8077416898337306,3.8714056689901586,2.580344362575203
3930,198.0265076620583,100.53184291787561,4.027178127788916,4.739626567558593,6.7970158014561886
1255,234.09267037317522,199.26336043149382,10.676965331411566,9.172135804374768,18.674310798685422
1708,573.9614175420636,21.299598084783348,9.442553770745967,3.1832043946644264,-14.321295730038816
2838,321.4626929181984,10.60189123033333,9.665881905780235,1.821779222902032,-18.833598157439596
2944,529.0259275370432,131.63767919632852,14.170826195653014,3.868206435914712,14.020229422890386
3497,454.9287914365152,66.70263334875656,11.862761459302284,1.9420837348198001,6.984592850291707
1009,594.472814587408,55.672653852901924,2.7911169431649645,2.1573683736449727,-5.729518576414228
3871,772.1881445222405,69.26082520081329,5.865099153952534,6.1646553817752405,0.8807660233417991
1797,743.941816389347,58.64903736994132,7.095511046460299,1.54811739789544,-4.041009697218097
4313,569.1107192368008,15.850109435485091,6.543462242466468,1.2783779325420943,-28.083950983926947
